qid,docid,docno,rank,score,query
Q1,1302,2045132305883111888,0,5.883471000836521,Hormuz strait Iran
Q1,1318,2045139846092444138,1,5.851637591719633,Hormuz strait Iran
Q1,1276,2045123636856602795,2,5.782337214371817,Hormuz strait Iran
Q1,1330,2045146116300370031,3,5.654636800366708,Hormuz strait Iran
Q1,1331,2045146324752888114,4,5.654636800366708,Hormuz strait Iran
Q1,1317,2045139466164019545,5,5.595189644947598,Hormuz strait Iran
Q1,2057,2048407131825783067,6,5.546924302981879,Hormuz strait Iran
Q1,1218,2044634246187213163,7,5.506086343120634,Hormuz strait Iran
Q1,1346,2045156544468095142,8,5.506086343120634,Hormuz strait Iran
Q1,1322,2045143117657952637,9,5.441041602856665,Hormuz strait Iran
Q1,1281,2045127280024773030,10,5.4197764928173005,Hormuz strait Iran
Q1,1284,2045127767289659677,11,5.4197764928173005,Hormuz strait Iran
Q1,1337,2045150431471362500,12,5.4197764928173005,Hormuz strait Iran
Q1,1353,2045162376631320705,13,5.402186907030237,Hormuz strait Iran
Q1,1290,2045128858123350457,14,5.336130756429267,Hormuz strait Iran
Q1,1326,2045145356141506704,15,5.257561388811342,Hormuz strait Iran
Q1,1275,2045123605529543017,16,5.255027659484295,Hormuz strait Iran
Q1,1324,2045143388958171426,17,5.255027659484295,Hormuz strait Iran
Q1,2235,2048867269246431579,18,5.233595210668141,Hormuz strait Iran
Q1,1320,2045141270931136914,19,5.199242216967127,Hormuz strait Iran
Q1,1378,2045182794498728129,20,5.176353002038925,Hormuz strait Iran
Q1,1294,2045130184559333635,21,5.099999322164615,Hormuz strait Iran
Q1,247,2024453604128522410,22,5.089770999207087,Hormuz strait Iran
Q1,1272,2045122588888683007,23,5.069465106668561,Hormuz strait Iran
Q1,1349,2045159014053388430,24,5.069465106668561,Hormuz strait Iran
Q1,1347,2045158565447434702,25,5.068288535203429,Hormuz strait Iran
Q1,1314,2045135674244735060,26,5.057924941868539,Hormuz strait Iran
Q1,1345,2045155262114259192,27,5.055006701953161,Hormuz strait Iran
Q1,1344,2045154367410413800,28,5.0504325505062635,Hormuz strait Iran
Q1,185,1963237063429337106,29,5.03257091372389,Hormuz strait Iran
Q1,845,2041785127701807519,30,5.03257091372389,Hormuz strait Iran
Q1,1359,2045174625894551737,31,5.03257091372389,Hormuz strait Iran
Q1,971,2042427545522749578,32,5.0258654062266475,Hormuz strait Iran
Q1,1050,2043230105628295174,33,5.0258654062266475,Hormuz strait Iran
Q1,1351,2045160693846978996,34,5.0258654062266475,Hormuz strait Iran
Q1,1380,2045183560009605255,35,5.0258654062266475,Hormuz strait Iran
Q1,1077,2043351138955596003,36,4.996209852661709,Hormuz strait Iran
Q1,964,2042343832587530364,37,4.953855841262801,Hormuz strait Iran
Q1,1262,2045023484120617094,38,4.953855841262801,Hormuz strait Iran
Q1,1333,2045147505495568581,39,4.953855841262801,Hormuz strait Iran
Q1,1515,2046605252250767422,40,4.941678864185457,Hormuz strait Iran
Q1,459,2035736886304723059,41,4.926775841422784,Hormuz strait Iran
Q1,1295,2045130530488713492,42,4.926775841422784,Hormuz strait Iran
Q1,1299,2045131644584005644,43,4.926775841422784,Hormuz strait Iran
Q1,105,1924347769172496806,44,4.9094435498603435,Hormuz strait Iran
Q1,1298,2045131607586025513,45,4.904705007111316,Hormuz strait Iran
Q1,148,1937091808774803843,46,4.883880605299012,Hormuz strait Iran
Q1,1350,2045160176341410027,47,4.883880605299012,Hormuz strait Iran
Q1,151,1937280338733982195,48,4.871303519132572,Hormuz strait Iran
Q1,1088,2043408594071146508,49,4.86909016195039,Hormuz strait Iran
Q1,1859,2047693387038355861,50,4.848273063636552,Hormuz strait Iran
Q1,2174,2048830495220264989,51,4.84371970931763,Hormuz strait Iran
Q1,917,2042088641720127656,52,4.833761722538194,Hormuz strait Iran
Q1,1280,2045127088655519760,53,4.833761722538194,Hormuz strait Iran
Q1,1287,2045128179199643970,54,4.8158546919031675,Hormuz strait Iran
Q1,1289,2045128836933673314,55,4.8158546919031675,Hormuz strait Iran
Q1,1341,2045151978179764506,56,4.8158546919031675,Hormuz strait Iran
Q1,1492,2046561418204598664,57,4.8158546919031675,Hormuz strait Iran
Q1,1083,2043376370596594138,58,4.796803898193624,Hormuz strait Iran
Q1,1268,2045085593663918214,59,4.796803898193624,Hormuz strait Iran
Q1,1283,2045127570564243877,60,4.777093308042454,Hormuz strait Iran
Q1,1336,2045150416963256560,61,4.771623326074085,Hormuz strait Iran
Q1,295,2028420681340211294,62,4.760416245141345,Hormuz strait Iran
Q1,1092,2043424960853819509,63,4.760416245141345,Hormuz strait Iran
Q1,1343,2045153535508025790,64,4.749697765684633,Hormuz strait Iran
Q1,2247,2048868063194526127,65,4.749697765684633,Hormuz strait Iran
Q1,127,1934024124676096318,66,4.738370325041471,Hormuz strait Iran
Q1,1414,2045632787168821742,67,4.726285448155544,Hormuz strait Iran
Q1,2259,2048868969210429866,68,4.691996157573538,Hormuz strait Iran
Q1,1759,2047278856386593280,69,4.6892984407831575,Hormuz strait Iran
Q1,1038,2043157123522244731,70,4.685333845804076,Hormuz strait Iran
Q1,1042,2043168734316273888,71,4.685333845804076,Hormuz strait Iran
Q1,1055,2043249111991034293,72,4.685333845804076,Hormuz strait Iran
Q1,1323,2045143289196925422,73,4.685333845804076,Hormuz strait Iran
Q1,1329,2045145752536535241,74,4.685333845804076,Hormuz strait Iran
Q1,2119,2048668450969518512,75,4.656898794141421,Hormuz strait Iran
Q1,941,2042286290172068186,76,4.636557894837929,Hormuz strait Iran
Q1,961,2042335225028686131,77,4.6226910148720926,Hormuz strait Iran
Q1,1274,2045123028720201844,78,4.6226910148720926,Hormuz strait Iran
Q1,1300,2045132211179999466,79,4.6226910148720926,Hormuz strait Iran
Q1,213,2015337785000153258,80,4.620306422511556,Hormuz strait Iran
Q1,2187,2048862167915503949,81,4.614528254250615,Hormuz strait Iran
Q1,1282,2045127314644586980,82,4.591597454390868,Hormuz strait Iran
Q1,1342,2045152846224527367,83,4.561701150891865,Hormuz strait Iran
Q1,391,2033152984365027591,84,4.5545939301960985,Hormuz strait Iran
Q1,1250,2044861252694880383,85,4.50804024561733,Hormuz strait Iran
Q1,1273,2045122877951742189,86,4.50804024561733,Hormuz strait Iran
Q1,1313,2045135231745728916,87,4.50804024561733,Hormuz strait Iran
Q1,1072,2043325641043452383,88,4.502299680145308,Hormuz strait Iran
Q1,1288,2045128754284933479,89,4.502299680145308,Hormuz strait Iran
Q1,1291,2045129276693815685,90,4.502299680145308,Hormuz strait Iran
Q1,1292,2045129299213029421,91,4.502299680145308,Hormuz strait Iran
Q1,1312,2045134999033147649,92,4.502299680145308,Hormuz strait Iran
Q1,1364,2045178678900912274,93,4.502299680145308,Hormuz strait Iran
Q1,1310,2045134651967132147,94,4.479935228438967,Hormuz strait Iran
Q1,839,2041722499772354737,95,4.4747279970802225,Hormuz strait Iran
Q1,1311,2045134774482977107,96,4.456655388961435,Hormuz strait Iran
Q1,1307,2045133425154076920,97,4.454635119100061,Hormuz strait Iran
Q1,1297,2045131418703986876,98,4.44442534913823,Hormuz strait Iran
Q1,1374,2045181003488969080,99,4.44442534913823,Hormuz strait Iran
Q2,1178,2044297122573328670,0,7.561023111991279,revolutionary guard Iran
Q2,1378,2045182794498728129,1,7.108229374779395,revolutionary guard Iran
Q2,730,2041253672819343467,2,7.003379595419044,revolutionary guard Iran
Q2,1050,2043230105628295174,3,6.901578022239988,revolutionary guard Iran
Q2,757,2041467362700841228,4,6.829581470831914,revolutionary guard Iran
Q2,225,2017133169082863969,5,6.747979138333259,revolutionary guard Iran
Q2,700,2041131308701700320,6,6.725746264192834,revolutionary guard Iran
Q2,854,2041832001406173449,7,6.575854525621023,revolutionary guard Iran
Q2,697,2041124056456458278,8,6.522341340720969,revolutionary guard Iran
Q2,1064,2043290769583206582,9,6.522341340720969,revolutionary guard Iran
Q2,2269,2048869798981845261,10,6.4719073316572935,revolutionary guard Iran
Q2,1038,2043157123522244731,11,6.43395604207717,revolutionary guard Iran
Q2,1042,2043168734316273888,12,6.43395604207717,revolutionary guard Iran
Q2,1055,2043249111991034293,13,6.43395604207717,revolutionary guard Iran
Q2,1140,2043820435490451862,14,6.406597121575742,revolutionary guard Iran
Q2,627,2040380146545303725,15,6.367982901195896,revolutionary guard Iran
Q2,667,2040843878840811547,16,6.182611353565507,revolutionary guard Iran
Q2,2046,2048376992060293546,17,6.10313763538049,revolutionary guard Iran
Q2,686,2041063308657049979,18,6.025681159634621,revolutionary guard Iran
Q2,759,2041470318363984127,19,6.025681159634621,revolutionary guard Iran
Q2,685,2041059796082630768,20,5.950166084837301,revolutionary guard Iran
Q2,758,2041468338421846139,21,5.950166084837301,revolutionary guard Iran
Q2,912,2042026005116723241,22,5.950166084837301,revolutionary guard Iran
Q2,1025,2043073140511674714,23,5.950166084837301,revolutionary guard Iran
Q2,2250,2048868436340879402,24,5.950166084837301,revolutionary guard Iran
Q2,1164,2044098266221117610,25,5.918231111475907,revolutionary guard Iran
Q2,1163,2044089922982649980,26,5.897331606205751,revolutionary guard Iran
Q2,890,2041922607675494476,27,5.876520324286741,revolutionary guard Iran
Q2,675,2040961337115681159,28,5.804675316543961,revolutionary guard Iran
Q2,855,2041832394496307541,29,5.804675316543961,revolutionary guard Iran
Q2,650,2040681122493862295,30,5.766575731079069,revolutionary guard Iran
Q2,684,2041057560120164829,31,5.742223688213479,revolutionary guard Iran
Q2,1316,2045139247947227189,32,5.677634400767882,revolutionary guard Iran
Q2,226,2017161637883486218,33,5.666129677928557,revolutionary guard Iran
Q2,1081,2043367716011016347,34,5.666129677928557,revolutionary guard Iran
Q2,1267,2045076329758871681,35,5.666129677928557,revolutionary guard Iran
Q2,696,2041122180629410079,36,5.6017245289068995,revolutionary guard Iran
Q2,987,2042624023540973721,37,5.599307709420276,revolutionary guard Iran
Q2,1134,2043772436248965407,38,5.599307709420276,revolutionary guard Iran
Q2,589,2039732425329152448,39,5.534043463966608,revolutionary guard Iran
Q2,941,2042286290172068186,40,5.534043463966608,revolutionary guard Iran
Q2,1931,2048036263505154515,41,5.527817703645685,revolutionary guard Iran
Q2,1220,2044657289013920052,42,5.464042683135416,revolutionary guard Iran
Q2,793,2041530563753054467,43,5.407975228032418,revolutionary guard Iran
Q2,619,2040320391953211872,44,5.347070775039442,revolutionary guard Iran
Q2,1022,2043032600453779565,45,5.347070775039442,revolutionary guard Iran
Q2,1143,2043843688355508651,46,5.319600230428795,revolutionary guard Iran
Q2,1098,2043468712188031428,47,5.297485643710129,revolutionary guard Iran
Q2,1105,2043606829318721757,48,5.287522853040279,revolutionary guard Iran
Q2,1222,2044664917781881028,49,5.287522853040279,revolutionary guard Iran
Q2,194,1984196797049225597,50,5.244229356816084,revolutionary guard Iran
Q2,1704,2047037956687368343,51,5.22928663997164,revolutionary guard Iran
Q2,1726,2047106776986771908,52,5.22928663997164,revolutionary guard Iran
Q2,1382,2045183969789108529,53,5.192046832083112,revolutionary guard Iran
Q2,729,2041244819557937359,54,5.172319266920155,revolutionary guard Iran
Q2,874,2041900185954218009,55,5.172319266920155,revolutionary guard Iran
Q2,1189,2044409120346812706,56,5.171024275305633,revolutionary guard Iran
Q2,1031,2043115919963037918,57,5.140905613627354,revolutionary guard Iran
Q2,1375,2045181234683547872,58,5.116579712881679,revolutionary guard Iran
Q2,1021,2043032319779328178,59,5.062028706252788,revolutionary guard Iran
Q2,1073,2043326843780997436,60,5.062028706252788,revolutionary guard Iran
Q2,1231,2044764969854488962,61,5.060458591544023,revolutionary guard Iran
Q2,760,2041471812475695319,62,5.008628632557385,revolutionary guard Iran
Q2,815,2041626070399492601,63,5.008628632557385,revolutionary guard Iran
Q2,907,2041978164705132714,64,5.008628632557385,revolutionary guard Iran
Q2,989,2042638730662678791,65,5.008628632557385,revolutionary guard Iran
Q2,1172,2044180566572961802,66,5.008628632557385,revolutionary guard Iran
Q2,1371,2045180805798928759,67,5.008628632557385,revolutionary guard Iran
Q2,1644,2046937378921840676,68,5.008628632557385,revolutionary guard Iran
Q2,668,2040852607632068659,69,4.993424409282081,revolutionary guard Iran
Q2,819,2041633844802068870,70,4.956343447952745,revolutionary guard Iran
Q2,834,2041690304802136352,71,4.956343447952745,revolutionary guard Iran
Q2,916,2042077140275933595,72,4.956343447952745,revolutionary guard Iran
Q2,917,2042088641720127656,73,4.956343447952745,revolutionary guard Iran
Q2,994,2042704796571082816,74,4.956343447952745,revolutionary guard Iran
Q2,1027,2043079785606263253,75,4.956343447952745,revolutionary guard Iran
Q2,1076,2043347735936487820,76,4.956343447952745,revolutionary guard Iran
Q2,1082,2043370816688079280,77,4.956343447952745,revolutionary guard Iran
Q2,1129,2043754133945987519,78,4.956343447952745,revolutionary guard Iran
Q2,737,2041296750971936998,79,4.946148981779272,revolutionary guard Iran
Q2,881,2041913431679238541,80,4.946148981779272,revolutionary guard Iran
Q2,221,2016895598029656493,81,4.905138598097088,revolutionary guard Iran
Q2,723,2041223624690979184,82,4.905138598097088,revolutionary guard Iran
Q2,779,2041505141761941681,83,4.905138598097088,revolutionary guard Iran
Q2,805,2041573835456098807,84,4.905138598097088,revolutionary guard Iran
Q2,1083,2043376370596594138,85,4.905138598097088,revolutionary guard Iran
Q2,1084,2043380442435658054,86,4.905138598097088,revolutionary guard Iran
Q2,1099,2043483889696477425,87,4.905138598097088,revolutionary guard Iran
Q2,1168,2044136965088419915,88,4.905138598097088,revolutionary guard Iran
Q2,1321,2045142699603272012,89,4.905138598097088,revolutionary guard Iran
Q2,1386,2045185668197069263,90,4.905138598097088,revolutionary guard Iran
Q2,644,2040583970157433065,91,4.854980941994865,revolutionary guard Iran
Q2,724,2041224272442728633,92,4.854980941994865,revolutionary guard Iran
Q2,764,2041473155336675708,93,4.854980941994865,revolutionary guard Iran
Q2,818,2041630219145019473,94,4.854980941994865,revolutionary guard Iran
Q2,857,2041835756512055497,95,4.854980941994865,revolutionary guard Iran
Q2,1026,2043078756114534791,96,4.854980941994865,revolutionary guard Iran
Q2,1092,2043424960853819509,97,4.854980941994865,revolutionary guard Iran
Q2,1101,2043511750663045238,98,4.854980941994865,revolutionary guard Iran
Q2,1585,2046718176524894668,99,4.854980941994865,revolutionary guard Iran
Q3,743,2041329353255227434,0,7.216538560836727,supreme leader Iran
Q3,1085,2043382231994130437,1,6.982972512844925,supreme leader Iran
Q3,862,2041851209233977356,2,6.871768791980297,supreme leader Iran
Q3,1091,2043416241323573250,3,6.871768791980297,supreme leader Iran
Q3,939,2042283564201279622,4,6.669093493317603,supreme leader Iran
Q3,725,2041226127361155509,5,6.659658878719015,supreme leader Iran
Q3,963,2042340463856976032,6,6.594586639617943,supreme leader Iran
Q3,873,2041893075359035492,7,6.481430098289374,supreme leader Iran
Q3,1062,2043276443149565998,8,6.460251220020739,supreme leader Iran
Q3,306,2028968010401112477,9,6.392642997275666,supreme leader Iran
Q3,823,2041652041152377093,10,6.364959428026107,supreme leader Iran
Q3,945,2042297199455838407,11,6.272437971182934,supreme leader Iran
Q3,971,2042427545522749578,12,6.272437971182934,supreme leader Iran
Q3,1002,2042852748056465743,13,6.272437971182934,supreme leader Iran
Q3,1001,2042841960411439367,14,6.195930768700505,supreme leader Iran
Q3,964,2042343832587530364,15,6.182567771115896,supreme leader Iran
Q3,1003,2042863157425705399,16,6.182567771115896,supreme leader Iran
Q3,714,2041191059212861518,17,6.095236477572305,supreme leader Iran
Q3,716,2041197877607772248,18,6.095236477572305,supreme leader Iran
Q3,761,2041472008869851408,19,6.095236477572305,supreme leader Iran
Q3,822,2041651975146606999,20,6.095236477572305,supreme leader Iran
Q3,909,2041979048478273699,21,6.091148383380109,supreme leader Iran
Q3,940,2042285167403024731,22,6.059420707696227,supreme leader Iran
Q3,715,2041193014966505622,23,6.010337999853451,supreme leader Iran
Q3,835,2041690421710000443,24,5.927772076867178,supreme leader Iran
Q3,143,1936600833225076779,25,5.847443882138204,supreme leader Iran
Q3,747,2041356402208162029,26,5.847443882138204,supreme leader Iran
Q3,961,2042335225028686131,27,5.769263660504461,supreme leader Iran
Q3,1072,2043325641043452383,28,5.619011491314632,supreme leader Iran
Q3,1236,2044799934067581288,29,5.619011491314632,supreme leader Iran
Q3,796,2041546858108276974,30,5.546782507443345,supreme leader Iran
Q3,1230,2044760428287258719,31,5.546782507443345,supreme leader Iran
Q3,1008,2042928374646030441,32,5.476386876470718,supreme leader Iran
Q3,157,1938574104220549315,33,5.43059978022161,supreme leader Iran
Q3,1778,2047365262689653044,34,5.407755670530705,supreme leader Iran
Q3,937,2042267020025074046,35,5.3408233742637625,supreme leader Iran
Q3,1023,2043061052804382872,36,5.2925152509950975,supreme leader Iran
Q3,373,2032162209023856804,37,5.275527676214192,supreme leader Iran
Q3,139,1935451943360479269,38,5.211809275344633,supreme leader Iran
Q3,145,1936790276540178516,39,5.211809275344633,supreme leader Iran
Q3,1137,2043790684029632994,40,5.1496117014048535,supreme leader Iran
Q3,282,2027963709419884746,41,5.148587745351871,supreme leader Iran
Q3,1532,2046639541792997576,42,5.093676940686092,supreme leader Iran
Q3,1534,2046641570234163460,43,5.093676940686092,supreme leader Iran
Q3,1016,2042994145980006565,44,5.064891519051606,supreme leader Iran
Q3,1154,2044007763613802566,45,5.051830632818171,supreme leader Iran
Q3,1822,2047440045217648711,46,5.039942573413244,supreme leader Iran
Q3,825,2041653522727411981,47,5.029566317399207,supreme leader Iran
Q3,958,2042332581614477464,48,5.029566317399207,supreme leader Iran
Q3,1009,2042933456632447058,49,5.029566317399207,supreme leader Iran
Q3,77,1851879157862387912,50,4.98734682415041,supreme leader Iran
Q3,821,2041651397356138962,51,4.98734682415041,supreme leader Iran
Q3,946,2042297432432615708,52,4.971618275909187,supreme leader Iran
Q3,1486,2046547113446924778,53,4.971618275909187,supreme leader Iran
Q3,888,2041917081164120344,54,4.914990319346952,supreme leader Iran
Q3,138,1935292405785518424,55,4.867785564296943,supreme leader Iran
Q3,717,2041199172607438871,56,4.867785564296943,supreme leader Iran
Q3,1536,2046644447790924187,57,4.867785564296943,supreme leader Iran
Q3,1538,2046647550057611739,58,4.867785564296943,supreme leader Iran
Q3,371,2032114436945645765,59,4.8596378474432465,supreme leader Iran
Q3,1006,2042898166832636385,60,4.8596378474432465,supreme leader Iran
Q3,947,2042300396878586357,61,4.821954248460367,supreme leader Iran
Q3,938,2042270245339942916,62,4.805518246701363,supreme leader Iran
Q3,969,2042382862721429923,63,4.805518246701363,supreme leader Iran
Q3,1951,2048068534106800339,64,4.805518246701363,supreme leader Iran
Q3,565,2039280096024908046,65,4.787648432358138,supreme leader Iran
Q3,957,2042332525121650848,66,4.787648432358138,supreme leader Iran
Q3,76,1851722418638798923,67,4.76805858904431,supreme leader Iran
Q3,156,1938512725446980059,68,4.752590780986635,supreme leader Iran
Q3,913,2042049857662148959,69,4.752590780986635,supreme leader Iran
Q3,924,2042143766983614481,70,4.752590780986635,supreme leader Iran
Q3,928,2042163101403951467,71,4.752590780986635,supreme leader Iran
Q3,980,2042522040100622762,72,4.752590780986635,supreme leader Iran
Q3,207,2012611071631069271,73,4.7402321659512605,supreme leader Iran
Q3,677,2040967513471844629,74,4.732929453649222,supreme leader Iran
Q3,693,2041113384348000301,75,4.732929453649222,supreme leader Iran
Q3,1104,2043576548951986377,76,4.732929453649222,supreme leader Iran
Q3,1005,2042891057701228567,77,4.700816489267376,supreme leader Iran
Q3,1798,2047394723615191461,78,4.700816489267376,supreme leader Iran
Q3,1799,2047395019049562324,79,4.700816489267376,supreme leader Iran
Q3,1801,2047396765645635915,80,4.700816489267376,supreme leader Iran
Q3,1804,2047400916400341040,81,4.700816489267376,supreme leader Iran
Q3,1237,2044802741663371609,82,4.693758723727075,supreme leader Iran
Q3,1531,2046639235474829577,83,4.693758723727075,supreme leader Iran
Q3,237,2020463779293634874,84,4.650158089967809,supreme leader Iran
Q3,243,2023808410979103086,85,4.650158089967809,supreme leader Iran
Q3,1087,2043386242407227871,86,4.648199974847692,supreme leader Iran
Q3,981,2042532690545787327,87,4.605609734516427,supreme leader Iran
Q3,791,2041526085691576715,88,4.603528904950538,supreme leader Iran
Q3,105,1924347769172496806,89,4.600579891439489,supreme leader Iran
Q3,745,2041353740163117314,90,4.600579891439489,supreme leader Iran
Q3,962,2042338557638152358,91,4.600579891439489,supreme leader Iran
Q3,986,2042618286785880561,92,4.564733987724218,supreme leader Iran
Q3,1013,2042958868314034550,93,4.559719561002426,supreme leader Iran
Q3,1528,2046638153566671194,94,4.559719561002426,supreme leader Iran
Q3,1551,2046659752806191603,95,4.559719561002426,supreme leader Iran
Q3,1562,2046672763143012425,96,4.559719561002426,supreme leader Iran
Q3,70,1850490823873298639,97,4.552047708099438,supreme leader Iran
Q3,73,1850758670176378956,98,4.552047708099438,supreme leader Iran
Q3,977,2042495007136096328,99,4.552047708099438,supreme leader Iran
Q4,655,2040755876144017464,0,7.769995800627875,US bases attack Iran
Q4,624,2040366113784004635,1,7.7519316009539425,US bases attack Iran
Q4,1203,2044483418298151413,2,7.535350670408689,US bases attack Iran
Q4,798,2041562899844333831,3,6.954555775347393,US bases attack Iran
Q4,1212,2044561681259332038,4,6.86660259225828,US bases attack Iran
Q4,654,2040754946946285878,5,6.847638643044098,US bases attack Iran
Q4,1074,2043334979820675327,6,6.780910836607145,US bases attack Iran
Q4,1210,2044558953883844890,7,6.780910836607145,US bases attack Iran
Q4,1211,2044559952836973032,8,6.780910836607145,US bases attack Iran
Q4,736,2041287377302467039,9,6.768130714190197,US bases attack Iran
Q4,910,2041994645157159342,10,6.768130714190197,US bases attack Iran
Q4,911,2042016192261415250,11,6.768130714190197,US bases attack Iran
Q4,2024,2048295937877913884,12,6.758795278818732,US bases attack Iran
Q4,578,2039528544825647122,13,6.697392584304569,US bases attack Iran
Q4,803,2041570774604017795,14,6.617546407232339,US bases attack Iran
Q4,577,2039510695180468416,15,6.608748179657572,US bases attack Iran
Q4,660,2040772082955595961,16,6.597350917881579,US bases attack Iran
Q4,813,2041603215238594608,17,6.576925495897654,US bases attack Iran
Q4,1173,2044270455406596394,18,6.536547423138317,US bases attack Iran
Q4,808,2041583862732747089,19,6.53613840465653,US bases attack Iran
Q4,682,2041031636561891730,20,6.526014780860921,US bases attack Iran
Q4,587,2039702175493013817,21,6.506822373503233,US bases attack Iran
Q4,1182,2044345792069013761,22,6.459066332634877,US bases attack Iran
Q4,150,1937191397657821586,23,6.396226864974075,US bases attack Iran
Q4,625,2040366837419171895,24,6.383449857849257,US bases attack Iran
Q4,1174,2044272929626575080,25,6.383449857849257,US bases attack Iran
Q4,1223,2044694972495196647,26,6.309550563915638,US bases attack Iran
Q4,762,2041472013743599651,27,6.251060133309067,US bases attack Iran
Q4,816,2041626099197550693,28,6.177901198880166,US bases attack Iran
Q4,1061,2043275331604234371,29,6.172296893164729,US bases attack Iran
Q4,2093,2048557741661434249,30,6.171645976508543,US bases attack Iran
Q4,204,2011588435195085209,31,6.147649658608776,US bases attack Iran
Q4,122,1933781354954551464,32,6.143059388350777,US bases attack Iran
Q4,1123,2043729009272660318,33,6.081234548514884,US bases attack Iran
Q4,400,2033654055461961758,34,6.040447440968367,US bases attack Iran
Q4,765,2041475150059827332,35,6.016011055217128,US bases attack Iran
Q4,369,2031905602104856771,36,5.943349498927457,US bases attack Iran
Q4,713,2041187245726797905,37,5.905206144300763,US bases attack Iran
Q4,2098,2048579620564598852,38,5.878709978792841,US bases attack Iran
Q4,663,2040799039826882648,39,5.835115056809803,US bases attack Iran
Q4,313,2029550245026423186,40,5.746678253613031,US bases attack Iran
Q4,774,2041494977092735021,41,5.746678253613031,US bases attack Iran
Q4,666,2040838004424708259,42,5.729538839274683,US bases attack Iran
Q4,1235,2044799077099962436,43,5.7228842873238115,US bases attack Iran
Q4,1007,2042907173387415818,44,5.694029968605662,US bases attack Iran
Q4,1010,2042949435945009593,45,5.694029968605662,US bases attack Iran
Q4,1014,2042960919446372739,46,5.694029968605662,US bases attack Iran
Q4,1045,2043211582352634038,47,5.694029968605662,US bases attack Iran
Q4,1046,2043220781824618698,48,5.694029968605662,US bases attack Iran
Q4,1469,2046363161402749057,49,5.682131838185392,US bases attack Iran
Q4,767,2041476728434897342,50,5.670169143487277,US bases attack Iran
Q4,622,2040349498388427212,51,5.65745556768345,US bases attack Iran
Q4,1233,2044779117271544222,52,5.567688940694267,US bases attack Iran
Q4,978,2042503471409082471,53,5.558297524412328,US bases attack Iran
Q4,574,2039382820175671335,54,5.55322892260635,US bases attack Iran
Q4,1224,2044696673465565200,55,5.547992871901021,US bases attack Iran
Q4,614,2040167014103420981,56,5.524846739439677,US bases attack Iran
Q4,935,2042238848487620898,57,5.502455415450274,US bases attack Iran
Q4,951,2042302858930885047,58,5.502455415450274,US bases attack Iran
Q4,1176,2044294073939316898,59,5.491076499790149,US bases attack Iran
Q4,1187,2044394373178171793,60,5.491076499790149,US bases attack Iran
Q4,1194,2044446007568519637,61,5.491076499790149,US bases attack Iran
Q4,966,2042356295278202949,62,5.4910407973667255,US bases attack Iran
Q4,954,2042321356096704606,63,5.460064453537248,US bases attack Iran
Q4,1138,2043796366342705288,64,5.405716731223482,US bases attack Iran
Q4,711,2041174137926811788,65,5.321905318167815,US bases attack Iran
Q4,712,2041174253706572123,66,5.321905318167815,US bases attack Iran
Q4,277,2027800204225749004,67,5.31821817183738,US bases attack Iran
Q4,281,2027836756066779496,68,5.31821817183738,US bases attack Iran
Q4,584,2039668667571437732,69,5.314913871235261,US bases attack Iran
Q4,260,2027691404617785640,70,5.274267357899128,US bases attack Iran
Q4,615,2040209798050853276,71,5.266785887800581,US bases attack Iran
Q4,535,2038374231348539550,72,5.2271234063923275,US bases attack Iran
Q4,618,2040317285567693027,73,5.223765525848457,US bases attack Iran
Q4,1181,2044335141699609006,74,5.205456540630098,US bases attack Iran
Q4,687,2041071249254764643,75,5.178280366396061,US bases attack Iran
Q4,1157,2044027456248787389,76,5.177982600954857,US bases attack Iran
Q4,1175,2044287954894340375,77,5.138826892479152,US bases attack Iran
Q4,284,2028168447515828293,78,5.12977540649156,US bases attack Iran
Q4,611,2040118894267076650,79,5.093797538562059,US bases attack Iran
Q4,1936,2048050532896723098,80,5.073179526449004,US bases attack Iran
Q4,626,2040369758529347615,81,5.046060994118911,US bases attack Iran
Q4,1150,2043882223728791918,82,5.046060994118911,US bases attack Iran
Q4,318,2029738107889762388,83,5.0019591273767,US bases attack Iran
Q4,616,2040267376566878712,84,4.9968997667837325,US bases attack Iran
Q4,258,2027673156136407536,85,4.994882969777174,US bases attack Iran
Q4,264,2027703830788383048,86,4.994882969777174,US bases attack Iran
Q4,265,2027704187673276537,87,4.994882969777174,US bases attack Iran
Q4,476,2036273723724935319,88,4.964150496089346,US bases attack Iran
Q4,1192,2044413844357820500,89,4.964150496089346,US bases attack Iran
Q4,2124,2048678283605151794,90,4.964150496089346,US bases attack Iran
Q4,131,1934644930758213759,91,4.940607407547639,US bases attack Iran
Q4,2335,2048874836483563938,92,4.88916363323135,US bases attack Iran
Q4,567,2039331052578340908,93,4.877162726384967,US bases attack Iran
Q4,581,2039598713476465113,94,4.8605087433724075,US bases attack Iran
Q4,1756,2047270750164492555,95,4.8323795841104875,US bases attack Iran
Q4,992,2042672833092870648,96,4.810606076168743,US bases attack Iran
Q4,1124,2043735749569458182,97,4.810293978588645,US bases attack Iran
Q4,1146,2043861041239732242,98,4.810293978588645,US bases attack Iran
Q4,2176,2048842095763554493,99,4.773852239183382,US bases attack Iran
Q5,1054,2043249009490571292,0,5.834307409224946,Iran regime collapse
Q5,1193,2044433130241540567,1,5.801149205411109,Iran regime collapse
Q5,1018,2043016766616416531,2,5.777670366746297,Iran regime collapse
Q5,1246,2044842193660117084,3,5.777670366746297,Iran regime collapse
Q5,1334,2045149004632359126,4,5.689856371688972,Iran regime collapse
Q5,1017,2043007096044552669,5,5.287998652200401,Iran regime collapse
Q5,794,2041530738961445179,6,5.214343915849634,Iran regime collapse
Q5,787,2041520728902709324,7,5.005196857118074,Iran regime collapse
Q5,579,2039582576105660615,8,4.972054246170124,Iran regime collapse
Q5,604,2040020365703811202,9,4.939160370031267,Iran regime collapse
Q5,613,2040141117602054506,10,4.825266125747289,Iran regime collapse
Q5,778,2041504103399104774,11,4.812180549735073,Iran regime collapse
Q5,919,2042113595358507188,12,4.811881311849305,Iran regime collapse
Q5,836,2041704688362631369,13,4.759123896396845,Iran regime collapse
Q5,1116,2043697133337886767,14,4.737495100723891,Iran regime collapse
Q5,839,2041722499772354737,15,4.720936843577922,Iran regime collapse
Q5,1108,2043660123357507856,16,4.686971771216717,Iran regime collapse
Q5,586,2039693066047758637,17,4.633498127376329,Iran regime collapse
Q5,674,2040952710909063637,18,4.630312942451669,Iran regime collapse
Q5,1225,2044701855150649639,19,4.593817479313531,Iran regime collapse
Q5,550,2038688552460898465,20,4.576850027741296,Iran regime collapse
Q5,967,2042374340575183282,21,4.576850027741296,Iran regime collapse
Q5,1071,2043324199582810508,22,4.521570332005389,Iran regime collapse
Q5,801,2041570112176836786,23,4.434003581861808,Iran regime collapse
Q5,807,2041580434447110275,24,4.434003581861808,Iran regime collapse
Q5,991,2042661659186204958,25,4.4149224974137535,Iran regime collapse
Q5,1206,2044503820391125052,26,4.370133359959215,Iran regime collapse
Q5,251,2025451826724712953,27,4.322314979072907,Iran regime collapse
Q5,1165,2044103379907952982,28,4.317679553266396,Iran regime collapse
Q5,1941,2048057330646794353,29,4.317679553266396,Iran regime collapse
Q5,1156,2044018281905041542,30,4.313289149184282,Iran regime collapse
Q5,975,2042459206507205106,31,4.2695726294132585,Iran regime collapse
Q5,656,2040756024513069076,32,4.216039604372693,Iran regime collapse
Q5,565,2039280096024908046,33,4.184786655559789,Iran regime collapse
Q5,931,2042178945487884658,34,4.1690874677601535,Iran regime collapse
Q5,944,2042293039465394186,35,4.1690874677601535,Iran regime collapse
Q5,1136,2043781639528935655,36,4.1690874677601535,Iran regime collapse
Q5,1167,2044135044751495559,37,4.1690874677601535,Iran regime collapse
Q5,1171,2044170047426572431,38,4.1690874677601535,Iran regime collapse
Q5,1152,2043970998320701826,39,4.14806802993381,Iran regime collapse
Q5,546,2038622676156141893,40,4.143663676518257,Iran regime collapse
Q5,665,2040831312517292137,41,4.143663676518257,Iran regime collapse
Q5,728,2041243143589523807,42,4.143663676518257,Iran regime collapse
Q5,802,2041570735337173431,43,4.143663676518257,Iran regime collapse
Q5,927,2042156225819795754,44,4.143663676518257,Iran regime collapse
Q5,879,2041910872004600150,45,4.123169582802991,Iran regime collapse
Q5,900,2041952434038136921,46,4.123169582802991,Iran regime collapse
Q5,800,2041569655966581120,47,4.103353487557452,Iran regime collapse
Q5,792,2041526166515859805,48,4.0782521483707965,Iran regime collapse
Q5,843,2041741689019040044,49,4.0782521483707965,Iran regime collapse
Q5,878,2041908936853655586,50,4.0782521483707965,Iran regime collapse
Q5,629,2040399806049161463,51,4.063831946843449,Iran regime collapse
Q5,898,2041951355691008264,52,4.063831946843449,Iran regime collapse
Q5,590,2039735652187623658,53,4.034302820366146,Iran regime collapse
Q5,670,2040882419645948103,54,4.034302820366146,Iran regime collapse
Q5,671,2040884432211460235,55,4.034302820366146,Iran regime collapse
Q5,811,2041597025280577582,56,4.034302820366146,Iran regime collapse
Q5,1110,2043676341996777688,57,4.034302820366146,Iran regime collapse
Q5,314,2029596279592845787,58,4.025075867510367,Iran regime collapse
Q5,594,2039776501445398743,59,3.991290634052958,Iran regime collapse
Q5,772,2041492164266631468,60,3.991290634052958,Iran regime collapse
Q5,861,2041843172192534726,61,3.991290634052958,Iran regime collapse
Q5,979,2042519262321951016,62,3.991290634052958,Iran regime collapse
Q5,1035,2043150514972487688,63,3.991290634052958,Iran regime collapse
Q5,1114,2043683142658064809,64,3.991290634052958,Iran regime collapse
Q5,1158,2044028678770663786,65,3.991290634052958,Iran regime collapse
Q5,1118,2043718171299832117,66,3.949771840807811,Iran regime collapse
Q5,795,2041538522633417145,67,3.9491859313010886,Iran regime collapse
Q5,566,2039281739441242360,68,3.907960292387889,Iran regime collapse
Q5,806,2041574898573718006,69,3.907960292387889,Iran regime collapse
Q5,812,2041602665671467013,70,3.907960292387889,Iran regime collapse
Q5,1186,2044386854863011983,71,3.907960292387889,Iran regime collapse
Q5,570,2039354369708380269,72,3.877273291531531,Iran regime collapse
Q5,942,2042287412009656760,73,3.8675864720271864,Iran regime collapse
Q5,846,2041794625048891500,74,3.8280383393230863,Iran regime collapse
Q5,1052,2043231117063627189,75,3.8280383393230863,Iran regime collapse
Q5,1170,2044151465963315709,76,3.8280383393230863,Iran regime collapse
Q5,2161,2048813809205162051,77,3.8016509416169857,Iran regime collapse
Q5,92,1874527860947558504,78,3.789290821370515,Iran regime collapse
Q5,564,2039229131838136535,79,3.789290821370515,Iran regime collapse
Q5,1216,2044613514615263245,80,3.789290821370515,Iran regime collapse
Q5,1928,2048030725010591762,81,3.789290821370515,Iran regime collapse
Q5,1153,2043987368923852949,82,3.7734485572239254,Iran regime collapse
Q5,1393,2045263017026494471,83,3.7734485572239254,Iran regime collapse
Q5,172,1947303047635566950,84,3.766392417537104,Iran regime collapse
Q5,176,1947430825571815503,85,3.766392417537104,Iran regime collapse
Q5,182,1960347885553488240,86,3.766392417537104,Iran regime collapse
Q5,2251,2048868520784769210,87,3.766392417537104,Iran regime collapse
Q5,652,2040710274886377858,88,3.7513198502467073,Iran regime collapse
Q5,1201,2044474609899085889,89,3.7513198502467073,Iran regime collapse
Q5,1209,2044524938258714901,90,3.7513198502467073,Iran regime collapse
Q5,2050,2048385242709262492,91,3.7513198502467073,Iran regime collapse
Q5,1095,2043445701372260839,92,3.726560953199849,Iran regime collapse
Q5,1530,2046639008391016467,93,3.7082640670952154,Iran regime collapse
Q5,1533,2046640498916708617,94,3.7082640670952154,Iran regime collapse
Q5,612,2040124414482940060,95,3.6776160055258247,Iran regime collapse
Q5,1056,2043254522584137783,96,3.6776160055258247,Iran regime collapse
Q5,1100,2043504762449199142,97,3.651902685813691,Iran regime collapse
Q5,601,2039887864637403309,98,3.628345349111811,Iran regime collapse
Q5,597,2039807395476525178,99,3.6067525388835344,Iran regime collapse
Q6,2177,2048842708383351245,0,6.2377353256408625,Iran regime change
Q6,1218,2044634246187213163,1,5.939727832397532,Iran regime change
Q6,1450,2046233735926870401,2,5.939727832397532,Iran regime change
Q6,1036,2043151110840660459,3,5.855033319315423,Iran regime change
Q6,1357,2045172271749210152,4,5.846620498420233,Iran regime change
Q6,1807,2047403471570194857,5,5.846620498420233,Iran regime change
Q6,2018,2048238460453171698,6,5.846620498420233,Iran regime change
Q6,2270,2048869826332930494,7,5.846620498420233,Iran regime change
Q6,1054,2043249009490571292,8,5.813938412642083,Iran regime change
Q6,1193,2044433130241540567,9,5.78166974336927,Iran regime change
Q6,1737,2047140904478409130,10,5.755120994806547,Iran regime change
Q6,1455,2046248381555540038,11,5.698477594385093,Iran regime change
Q6,1252,2044870335263043852,12,5.68460878752807,Iran regime change
Q6,1834,2047554661314666832,13,5.668896581699293,Iran regime change
Q6,1446,2046173898195030158,14,5.58136251650896,Iran regime change
Q6,1043,2043178406632632532,15,5.50165871570787,Iran regime change
Q6,1395,2045272680677736708,16,5.50165871570787,Iran regime change
Q6,1814,2047409326067732832,17,5.50165871570787,Iran regime change
Q6,1819,2047415145907777824,18,5.50165871570787,Iran regime change
Q6,1452,2046236261933887668,19,5.488747798738787,Iran regime change
Q6,1483,2046497767447547978,20,5.421686253167117,Iran regime change
Q6,1656,2046964720662700208,21,5.421686253167117,Iran regime change
Q6,1413,2045628259270832143,22,5.410798075732153,Iran regime change
Q6,1753,2047264092721738060,23,5.394550172548387,Iran regime change
Q6,674,2040952710909063637,24,5.389695124456448,Iran regime change
Q6,1754,2047269506855182701,25,5.30433187638741,Iran regime change
Q6,1816,2047410594555580916,26,5.268519190158562,Iran regime change
Q6,1412,2045621098717364360,27,5.207787849778343,Iran regime change
Q6,1430,2045903053191082487,28,5.207787849778343,Iran regime change
Q6,2105,2048613789340188783,29,5.193152849140507,Iran regime change
Q6,1239,2044806410421014539,30,5.054335532309124,Iran regime change
Q6,1815,2047409792101318896,31,5.03968007890543,Iran regime change
Q6,1328,2045145506066927634,32,4.986759155332807,Iran regime change
Q6,1702,2047035267417022961,33,4.986759155332807,Iran regime change
Q6,1405,2045453318831431934,34,4.901904789668768,Iran regime change
Q6,2123,2048677465795473468,35,4.8206131348097605,Iran regime change
Q6,778,2041504103399104774,36,4.79445386436271,Iran regime change
Q6,1110,2043676341996777688,37,4.7912069456038715,Iran regime change
Q6,1880,2047757599194431660,38,4.76277480320127,Iran regime change
Q6,1397,2045310284508860891,39,4.754967560537394,Iran regime change
Q6,1125,2043738214301864158,40,4.733606228008111,Iran regime change
Q6,1219,2044635509708984323,41,4.699453399594074,Iran regime change
Q6,1145,2043849149976649952,42,4.695532116752192,Iran regime change
Q6,1369,2045180447928533389,43,4.68235458995745,Iran regime change
Q6,1422,2045799554495213825,44,4.68235458995745,Iran regime change
Q6,1433,2045945205082194360,45,4.63851204837386,Iran regime change
Q6,1093,2043436654187118754,46,4.616429656518154,Iran regime change
Q6,1208,2044522905078321383,47,4.616429656518154,Iran regime change
Q6,1465,2046332028795187380,48,4.610394913396093,Iran regime change
Q6,241,2022839526369157596,49,4.577577640277529,Iran regime change
Q6,1403,2045380851697946805,50,4.577577640277529,Iran regime change
Q6,550,2038688552460898465,51,4.559990232145569,Iran regime change
Q6,1609,2046815325488894339,52,4.559990232145569,Iran regime change
Q6,1617,2046858353976955081,53,4.521679302822747,Iran regime change
Q6,2150,2048760717889962123,54,4.473497178268538,Iran regime change
Q6,1389,2045188351758594060,55,4.459828732621824,Iran regime change
Q6,340,2030463823069516071,56,4.451152661680256,Iran regime change
Q6,343,2030659811931754633,57,4.451152661680256,Iran regime change
Q6,1424,2045854218313994412,58,4.4197565086625685,Iran regime change
Q6,1468,2046347138733416901,59,4.398659196141873,Iran regime change
Q6,1932,2048038361479122964,60,4.398659196141873,Iran regime change
Q6,1251,2044869215371608485,61,4.380417945647759,Iran regime change
Q6,1392,2045262059424628801,62,4.359054648184697,Iran regime change
Q6,1475,2046394046713852237,63,4.347389434174503,Iran regime change
Q6,1256,2044910536010400019,64,4.341792594137677,Iran regime change
Q6,1270,2045117788017119524,65,4.303860772771952,Iran regime change
Q6,1941,2048057330646794353,66,4.303860772771952,Iran regime change
Q6,2240,2048867533659181168,67,4.297583526431443,Iran regime change
Q6,732,2041257970126790782,68,4.248353761532265,Iran regime change
Q6,1451,2046234038097097045,69,4.248353761532265,Iran regime change
Q6,1232,2044766777586909200,70,4.2120448078528945,Iran regime change
Q6,1066,2043294551365070967,71,4.20050893032343,Iran regime change
Q6,1406,2045456939425870029,72,4.20050893032343,Iran regime change
Q6,1985,2048126741944611327,73,4.17854151150508,Iran regime change
Q6,1426,2045878465266700790,74,4.170238993484849,Iran regime change
Q6,212,2014816371100578139,75,4.153729751841761,Iran regime change
Q6,931,2042178945487884658,76,4.153729751841761,Iran regime change
Q6,879,2041910872004600150,77,4.107981015130634,Iran regime change
Q6,1408,2045465117014237265,78,4.107981015130634,Iran regime change
Q6,1918,2047955713931067857,79,4.103209330922266,Iran regime change
Q6,1466,2046342270647959913,80,4.08981987044532,Iran regime change
Q6,1207,2044511083344630024,81,4.089106414358212,Iran regime change
Q6,1449,2046233734374916125,82,4.0708276293959065,Iran regime change
Q6,1569,2046686350921912408,83,4.066595691447497,Iran regime change
Q6,1894,2047813961714700686,84,4.066595691447497,Iran regime change
Q6,843,2041741689019040044,85,4.06322904357326,Iran regime change
Q6,878,2041908936853655586,86,4.06322904357326,Iran regime change
Q6,1498,2046568963987923112,87,4.06322904357326,Iran regime change
Q6,1539,2046648185796370782,88,4.06322904357326,Iran regime change
Q6,898,2041951355691008264,89,4.049730557559903,Iran regime change
Q6,2135,2048711128012689862,90,4.049730557559903,Iran regime change
Q6,1460,2046267651001897087,91,4.025277940581703,Iran regime change
Q6,1879,2047755809891688698,92,4.025277940581703,Iran regime change
Q6,1265,2045057277573341580,93,4.019441612218541,Iran regime change
Q6,1692,2047014121581797724,94,4.019441612218541,Iran regime change
Q6,1517,2046610689666535893,95,3.9838537663321842,Iran regime change
Q6,90,1873141907020283912,96,3.976587870395553,Iran regime change
Q6,772,2041492164266631468,97,3.976587870395553,Iran regime change
Q6,861,2041843172192534726,98,3.976587870395553,Iran regime change
Q6,1141,2043830569474076893,99,3.976587870395553,Iran regime change
Q7,1036,2043151110840660459,0,10.515772163885687,regime change Middle East
Q7,2018,2048238460453171698,1,10.500662547430126,regime change Middle East
Q7,1043,2043178406632632532,2,9.881103389622432,regime change Middle East
Q7,1465,2046332028795187380,3,9.737471039540132,regime change Middle East
Q7,1483,2046497767447547978,4,9.737471039540132,regime change Middle East
Q7,1656,2046964720662700208,5,9.737471039540132,regime change Middle East
Q7,1451,2046234038097097045,6,9.106392998352483,regime change Middle East
Q7,1455,2046248381555540038,7,8.9328997411035,regime change Middle East
Q7,1397,2045310284508860891,8,8.555995906358271,regime change Middle East
Q7,1125,2043738214301864158,9,8.501663763905562,regime change Middle East
Q7,1879,2047755809891688698,10,8.501663763905562,regime change Middle East
Q7,1636,2046915384524116135,11,8.395119166203694,regime change Middle East
Q7,1093,2043436654187118754,12,8.291211993346256,regime change Middle East
Q7,1567,2046682037839397345,13,8.291211993346256,regime change Middle East
Q7,1874,2047752132217155631,14,8.069443807007797,regime change Middle East
Q7,1815,2047409792101318896,15,7.985298530097982,regime change Middle East
Q7,2014,2048207000001986657,16,7.718049856168479,regime change Middle East
Q7,1257,2044928832424272027,17,7.630139367521732,regime change Middle East
Q7,1390,2045193824704610668,18,7.630139367521732,regime change Middle East
Q7,1889,2047796977128374524,19,7.630139367521732,regime change Middle East
Q7,2180,2048848405376430129,20,7.630139367521732,regime change Middle East
Q7,1145,2043849149976649952,21,7.559194063243921,regime change Middle East
Q7,1066,2043294551365070967,22,7.544208969388576,regime change Middle East
Q7,1445,2046161709765640543,23,7.544208969388576,regime change Middle East
Q7,1419,2045709923116564959,24,7.460192507636911,regime change Middle East
Q7,1478,2046421215376535802,25,7.378026742592889,regime change Middle East
Q7,1030,2043105989088677902,26,7.347042320517087,regime change Middle East
Q7,1256,2044910536010400019,27,7.347042320517087,regime change Middle East
Q7,1403,2045380851697946805,28,7.347042320517087,regime change Middle East
Q7,2079,2048494873632743657,29,7.146684134900876,regime change Middle East
Q7,1141,2043830569474076893,30,7.142041685194083,regime change Middle East
Q7,1260,2044970108112552145,31,7.142041685194083,regime change Middle East
Q7,1067,2043295874273419344,32,6.992929824299842,regime change Middle East
Q7,1068,2043295961464643755,33,6.992929824299842,regime change Middle East
Q7,1169,2044146808599822639,34,6.992929824299842,regime change Middle East
Q7,2085,2048509127878455689,35,6.920684644871786,regime change Middle East
Q7,1120,2043723895178449312,36,6.849916956361604,regime change Middle East
Q7,1407,2045457438019633664,37,6.849916956361604,regime change Middle East
Q7,1985,2048126741944611327,38,6.849916956361604,regime change Middle East
Q7,1059,2043266944996938169,39,6.780581893148215,regime change Middle East
Q7,1456,2046251972395712960,40,6.780581893148215,regime change Middle East
Q7,999,2042805086842212601,41,6.712636387932485,regime change Middle East
Q7,1020,2043029636884443533,42,6.712636387932485,regime change Middle East
Q7,1617,2046858353976955081,43,6.705088513449997,regime change Middle East
Q7,1472,2046381968686764174,44,6.6460390825297875,regime change Middle East
Q7,1894,2047813961714700686,45,6.6460390825297875,regime change Middle East
Q7,307,2028994965246824721,46,6.453946691105333,regime change Middle East
Q7,791,2041526085691576715,47,6.417484402336443,regime change Middle East
Q7,1111,2043676991732306421,48,6.392359947785102,regime change Middle East
Q7,1244,2044826610986106880,49,6.0461858202327825,regime change Middle East
Q7,1860,2047695222121865258,50,6.034136853283995,regime change Middle East
Q7,1862,2047698365622698456,51,5.712468612042289,regime change Middle East
Q7,1252,2044870335263043852,52,5.68460878752807,regime change Middle East
Q7,2055,2048404653998477333,53,5.652206953610969,regime change Middle East
Q7,1657,2046965045863580150,54,5.535419079061114,regime change Middle East
Q7,1916,2047953634575679565,55,5.535419079061114,regime change Middle East
Q7,1936,2048050532896723098,56,5.528919781841674,regime change Middle East
Q7,1982,2048121340914528385,57,5.4938662084955805,regime change Middle East
Q7,2028,2048313961767162334,58,5.444389917199869,regime change Middle East
Q7,258,2027673156136407536,59,5.443589590237756,regime change Middle East
Q7,264,2027703830788383048,60,5.443589590237756,regime change Middle East
Q7,265,2027704187673276537,61,5.443589590237756,regime change Middle East
Q7,253,2026533579027611847,62,5.421274496749857,regime change Middle East
Q7,2095,2048563638408216955,63,5.421274496749857,regime change Middle East
Q7,1753,2047264092721738060,64,5.394550172548387,regime change Middle East
Q7,1754,2047269506855182701,65,5.30433187638741,regime change Middle East
Q7,2177,2048842708383351245,66,5.30433187638741,regime change Middle East
Q7,1892,2047808952667144351,67,5.263526995371359,regime change Middle East
Q7,1866,2047713817660985430,68,5.255275820900959,regime change Middle East
Q7,2185,2048861497808322763,69,5.246007228523622,regime change Middle East
Q7,2132,2048700709571346718,70,5.202702948556001,regime change Middle East
Q7,2176,2048842095763554493,71,5.202702948556001,regime change Middle East
Q7,205,2012119808247300132,72,5.190076315461149,regime change Middle East
Q7,1979,2048118717326745769,73,5.13532544899766,regime change Middle East
Q7,1773,2047359007195623860,74,5.127076126144039,regime change Middle East
Q7,566,2039281739441242360,75,5.081717673535846,regime change Middle East
Q7,1218,2044634246187213163,76,5.050917686254149,regime change Middle East
Q7,1450,2046233735926870401,77,5.050917686254149,regime change Middle East
Q7,1961,2048082605221028035,78,5.029217560657324,regime change Middle East
Q7,1193,2044433130241540567,79,4.993298046298783,regime change Middle East
Q7,1054,2043249009490571292,80,4.989565523433759,regime change Middle East
Q7,2204,2048864126428921906,81,4.98223203974859,regime change Middle East
Q7,1357,2045172271749210152,82,4.971742765588452,regime change Middle East
Q7,1807,2047403471570194857,83,4.971742765588452,regime change Middle East
Q7,2270,2048869826332930494,84,4.971742765588452,regime change Middle East
Q7,2027,2048308576943235310,85,4.953659705807027,regime change Middle East
Q7,2000,2048149889620578517,86,4.91911668177539,regime change Middle East
Q7,192,1980287086055018876,87,4.912836222642371,regime change Middle East
Q7,2023,2048295197004427482,88,4.87803021418018,regime change Middle East
Q7,150,1937191397657821586,89,4.845347030318621,regime change Middle East
Q7,1737,2047140904478409130,90,4.830139823201407,regime change Middle East
Q7,1588,2046740858750513552,91,4.829634375471955,regime change Middle East
Q7,1446,2046173898195030158,92,4.825040875199672,regime change Middle East
Q7,1834,2047554661314666832,93,4.8206131348097605,regime change Middle East
Q7,2123,2048677465795473468,94,4.8206131348097605,regime change Middle East
Q7,1939,2048055809368826278,95,4.782189391269261,regime change Middle East
Q7,2040,2048353442515624379,96,4.782189391269261,regime change Middle East
Q7,261,2027692141816725545,97,4.779686951838242,regime change Middle East
Q7,279,2027820381554327728,98,4.715782621541706,regime change Middle East
Q7,1395,2045272680677736708,99,4.678400441066431,regime change Middle East
Q8,1078,2043351179036393719,0,11.771156959976407,surrender our terms Iran
Q8,1034,2043146371935658090,1,11.024041545412032,surrender our terms Iran
Q8,470,2036081126448517350,2,10.890008656322484,surrender our terms Iran
Q8,1090,2043409989276954653,3,10.729375825747407,surrender our terms Iran
Q8,683,2041047451784638912,4,10.488300583174887,surrender our terms Iran
Q8,1435,2045951153452564954,5,10.3701381733006,surrender our terms Iran
Q8,848,2041798828383465604,6,10.287272232972091,surrender our terms Iran
Q8,1070,2043310763645759977,7,9.85700282002974,surrender our terms Iran
Q8,1109,2043673371095765094,8,9.12250312613873,surrender our terms Iran
Q8,844,2041749886211969208,9,9.107220543197904,surrender our terms Iran
Q8,478,2036373471920259439,10,9.031720864894808,surrender our terms Iran
Q8,1434,2045948971156120011,11,8.892926931788415,surrender our terms Iran
Q8,1063,2043281166854226216,12,8.689114433637391,surrender our terms Iran
Q8,503,2037253007566319945,13,8.608222543510422,surrender our terms Iran
Q8,1595,2046764416352354572,14,8.478311271283586,surrender our terms Iran
Q8,1439,2046024977762365620,15,8.380628588064148,surrender our terms Iran
Q8,96,1906340705770864714,16,8.360868963889983,surrender our terms Iran
Q8,312,2029353058178601343,17,8.264449495885815,surrender our terms Iran
Q8,1404,2045384275198087343,18,8.191863818119357,surrender our terms Iran
Q8,229,2018438137471435222,19,8.01141518839212,surrender our terms Iran
Q8,1069,2043299405789339826,20,7.990628235845076,surrender our terms Iran
Q8,499,2037139379207233737,21,7.9089615978373375,surrender our terms Iran
Q8,866,2041865568660418963,22,7.755171298387735,surrender our terms Iran
Q8,1033,2043142301602439409,23,7.750578226218951,surrender our terms Iran
Q8,544,2038591924236333512,24,7.593258490422269,surrender our terms Iran
Q8,2083,2048503105856151903,25,7.563307247585321,surrender our terms Iran
Q8,2009,2048183203182309792,26,7.557562372093677,surrender our terms Iran
Q8,488,2036717371478749670,27,7.514811210688685,surrender our terms Iran
Q8,1963,2048085092631814408,28,7.4456074085335775,surrender our terms Iran
Q8,487,2036688879537840252,29,7.443130205733116,surrender our terms Iran
Q8,1416,2045650228385136815,30,7.437968261434391,surrender our terms Iran
Q8,1417,2045651310784209126,31,7.437968261434391,surrender our terms Iran
Q8,1356,2045168585937436737,32,7.375268326007387,surrender our terms Iran
Q8,1474,2046393205902692468,33,7.241042058666733,surrender our terms Iran
Q8,2223,2048866585159319775,34,7.2247207613998885,surrender our terms Iran
Q8,87,1866249346804818144,35,7.216587890777279,surrender our terms Iran
Q8,1663,2046979696521519225,36,7.216587890777279,surrender our terms Iran
Q8,598,2039836220000243820,37,7.076179718908564,surrender our terms Iran
Q8,2096,2048573900209246443,38,7.0474168492876155,surrender our terms Iran
Q8,1040,2043162951033499849,39,7.010632531069593,surrender our terms Iran
Q8,392,2033191631386538322,40,6.9411309232199185,surrender our terms Iran
Q8,1924,2048015658604961955,41,6.775646044728001,surrender our terms Iran
Q8,329,2030224566019121568,42,6.747954004761309,surrender our terms Iran
Q8,1854,2047673752284995672,43,6.597409511898513,surrender our terms Iran
Q8,1607,2046811080349909301,44,6.524057635730318,surrender our terms Iran
Q8,1971,2048103444393717773,45,6.350712635625241,surrender our terms Iran
Q8,2006,2048172148280221731,46,5.805504882188993,surrender our terms Iran
Q8,1976,2048111375130431870,47,5.726585303980265,surrender our terms Iran
Q8,845,2041785127701807519,48,5.681405788015065,surrender our terms Iran
Q8,2010,2048191657917722986,49,5.681405788015065,surrender our terms Iran
Q8,1925,2048016696972353750,50,5.619816696085868,surrender our terms Iran
Q8,1938,2048053251971625332,51,5.560532436129983,surrender our terms Iran
Q8,1037,2043151203568341378,52,5.484054979299583,surrender our terms Iran
Q8,2094,2048562858141892866,53,5.476412963466322,surrender our terms Iran
Q8,1927,2048025596786323457,54,5.312059510747172,surrender our terms Iran
Q8,1425,2045871173804646794,55,5.292750688357597,surrender our terms Iran
Q8,2090,2048546343317069946,56,5.23474487500649,surrender our terms Iran
Q8,2082,2048499343116693944,57,5.1822484063523895,surrender our terms Iran
Q8,2081,2048497864913895471,58,5.165800058542481,surrender our terms Iran
Q8,1464,2046325406664708411,59,5.138044780907541,surrender our terms Iran
Q8,1557,2046662785975922796,60,5.128709692914039,surrender our terms Iran
Q8,1978,2048113502792057211,61,4.9745314335782185,surrender our terms Iran
Q8,1923,2048009039129276470,62,4.952738816524872,surrender our terms Iran
Q8,1852,2047671446856696170,63,4.928635076347435,surrender our terms Iran
Q8,949,2042301265498292284,64,4.927800051246365,surrender our terms Iran
Q8,972,2042437858418704597,65,4.927800051246365,surrender our terms Iran
Q8,1899,2047849062993379661,66,4.927800051246365,surrender our terms Iran
Q8,2112,2048647960137724281,67,4.927800051246365,surrender our terms Iran
Q8,230,2018631959778336916,68,4.832191833417068,surrender our terms Iran
Q8,1865,2047708999231918415,69,4.832191833417068,surrender our terms Iran
Q8,2126,2048680538840633391,70,4.603815322795257,surrender our terms Iran
Q8,413,2034312521167876194,71,4.455273955978532,surrender our terms Iran
Q8,1969,2048100978264563863,72,4.35672881024534,surrender our terms Iran
Q8,1688,2047005090309882094,73,4.174121222371165,surrender our terms Iran
Q8,1590,2046745061589963001,74,4.068253306361924,surrender our terms Iran
Q8,2238,2048867429317804319,75,4.020557104667299,surrender our terms Iran
Q8,2012,2048199555838017732,76,4.0193353672714185,surrender our terms Iran
Q8,1785,2047383220019204199,77,4.01312375017073,surrender our terms Iran
Q8,523,2038109284328702387,78,3.8923767249039836,surrender our terms Iran
Q8,1326,2045145356141506704,79,3.8861154219073355,surrender our terms Iran
Q8,1948,2048067114183897189,80,3.8563497013042456,surrender our terms Iran
Q8,958,2042332581614477464,81,3.819453482355067,surrender our terms Iran
Q8,1825,2047450665786524035,82,3.7855981057696773,surrender our terms Iran
Q8,287,2028272290475999405,83,3.7826623381160873,surrender our terms Iran
Q8,1412,2045621098717364360,84,3.6450363455254715,surrender our terms Iran
Q8,1430,2045903053191082487,85,3.6450363455254715,surrender our terms Iran
Q8,1479,2046424835996172659,86,3.6206154071471928,surrender our terms Iran
Q8,976,2042463823924220081,87,3.596724042378474,surrender our terms Iran
Q8,1644,2046937378921840676,88,3.5470616138573883,surrender our terms Iran
Q8,495,2036887888537829525,89,3.5324704125623274,surrender our terms Iran
Q8,1800,2047396737334309208,90,3.5060292795385206,surrender our terms Iran
Q8,808,2041583862732747089,91,3.4766960751712563,surrender our terms Iran
Q8,1041,2043166403793223973,92,3.4511464223352313,surrender our terms Iran
Q8,1949,2048067245767577723,93,3.4434532696680162,surrender our terms Iran
Q8,920,2042115534410387856,94,3.3819870541978103,surrender our terms Iran
Q8,1426,2045878465266700790,95,3.3596889818794216,surrender our terms Iran
Q8,2281,2048870455700750498,96,3.3591226393777185,surrender our terms Iran
Q8,1147,2043861543687971037,97,3.326830262694259,surrender our terms Iran
Q8,137,1935291629721764126,98,3.298046085850447,surrender our terms Iran
Q8,1951,2048068534106800339,99,3.298046085850447,surrender our terms Iran
Q9,232,2018824231119896590,0,11.13643743092551,Iran much stronger military
Q9,1264,2045044242003759454,1,9.912077159245367,Iran much stronger military
Q9,133,1934958751733162275,2,9.710549001424017,Iran much stronger military
Q9,254,2026553290209841585,3,9.498603737229795,Iran much stronger military
Q9,168,1946292278231752836,4,9.373283107304076,Iran much stronger military
Q9,664,2040799046483472642,5,9.373283107304076,Iran much stronger military
Q9,681,2041022588797747485,6,9.373283107304076,Iran much stronger military
Q9,250,2025195552124678411,7,9.26479174347893,Iran much stronger military
Q9,354,2031247080501440648,8,8.903411465448114,Iran much stronger military
Q9,194,1984196797049225597,9,8.84607884782054,Iran much stronger military
Q9,922,2042134514127024398,10,8.70960122333895,Iran much stronger military
Q9,970,2042407893463343228,11,8.697754861057765,Iran much stronger military
Q9,867,2041867380536586258,12,8.478399295061756,Iran much stronger military
Q9,75,1851088379087118605,13,8.464358109763694,Iran much stronger military
Q9,920,2042115534410387856,14,8.378411585125972,Iran much stronger military
Q9,23,1779276643686597087,15,8.259980986891565,Iran much stronger military
Q9,132,1934880300389335179,16,8.15632924519969,Iran much stronger military
Q9,276,2027774409100914831,17,8.115189220048867,Iran much stronger military
Q9,124,1933843108980265378,18,8.038216748271475,Iran much stronger military
Q9,82,1860377407829512413,19,7.911878579917822,Iran much stronger military
Q9,84,1862935457606062359,20,7.911878579917822,Iran much stronger military
Q9,36,1841201920490553354,21,7.824737992622136,Iran much stronger military
Q9,345,2030741573902991501,22,7.824737992622136,Iran much stronger military
Q9,1824,2047450380393721896,23,7.802431702131624,Iran much stronger military
Q9,189,1972346397333831711,24,7.771748678383897,Iran much stronger military
Q9,310,2029277509796413886,25,7.7301615411274724,Iran much stronger military
Q9,1183,2044347009037963731,26,7.7301615411274724,Iran much stronger military
Q9,214,2015818046351278454,27,7.656091246870732,Iran much stronger military
Q9,94,1900249308940906930,28,7.5754725987406974,Iran much stronger military
Q9,131,1934644930758213759,29,7.3457778333414065,Iran much stronger military
Q9,31,1828160102756450657,30,7.339705583210431,Iran much stronger military
Q9,215,2016487758034796891,31,7.284100812034898,Iran much stronger military
Q9,216,2016504995714396639,32,7.284100812034898,Iran much stronger military
Q9,153,1937496798362501452,33,7.278245306420413,Iran much stronger military
Q9,203,2007836938393502149,34,7.214755335940765,Iran much stronger military
Q9,364,2031519345298264120,35,7.211971998685984,Iran much stronger military
Q9,227,2017932621334888657,36,7.191120146679868,Iran much stronger military
Q9,533,2038326777609695412,37,7.191120146679868,Iran much stronger military
Q9,446,2035462862164955557,38,7.079982891830618,Iran much stronger military
Q9,230,2018631959778336916,39,7.048431284385205,Iran much stronger military
Q9,1266,2045066100329869367,40,7.048431284385205,Iran much stronger military
Q9,995,2042723002635424084,41,6.715312029691378,Iran much stronger military
Q9,129,1934181816602141136,42,6.471620927494103,Iran much stronger military
Q9,297,2028524423696032098,43,6.4439167065347025,Iran much stronger military
Q9,1746,2047226820093981066,44,5.899766329156398,Iran much stronger military
Q9,1376,2045181707087954433,45,5.893812260849376,Iran much stronger military
Q9,1319,2045140705388159414,46,5.683356836551706,Iran much stronger military
Q9,640,2040533948497862916,47,5.45378064220139,Iran much stronger military
Q9,1680,2046999031411576981,48,5.45378064220139,Iran much stronger military
Q9,1686,2047004905764979041,49,5.45378064220139,Iran much stronger military
Q9,1693,2047014209909924277,50,5.45378064220139,Iran much stronger military
Q9,1706,2047039228509303216,51,5.45378064220139,Iran much stronger military
Q9,2191,2048862632174563586,52,5.29496820591686,Iran much stronger military
Q9,1388,2045186303252414912,53,5.274324746675494,Iran much stronger military
Q9,1674,2046992737501597698,54,5.266450906598358,Iran much stronger military
Q9,1704,2047037956687368343,55,5.120013559742153,Iran much stronger military
Q9,638,2040531086841671713,56,4.859650739261255,Iran much stronger military
Q9,639,2040533762589540715,57,4.859650739261255,Iran much stronger military
Q9,1118,2043718171299832117,58,4.661398834024534,Iran much stronger military
Q9,1960,2048081646767751239,59,4.4257293063748415,Iran much stronger military
Q9,1613,2046844048351076728,60,4.419911388772364,Iran much stronger military
Q9,24,1808847987973439820,61,4.3660271210777815,Iran much stronger military
Q9,2017,2048231535334084745,62,4.240007482900182,Iran much stronger military
Q9,2225,2048866743200911603,63,4.229252142374115,Iran much stronger military
Q9,1433,2045945205082194360,64,3.841184647526042,Iran much stronger military
Q9,2182,2048861027249651995,65,3.739962124317519,Iran much stronger military
Q9,360,2031381940893270303,66,3.6781011141561306,Iran much stronger military
Q9,1484,2046506614560317594,67,3.468114405269085,Iran much stronger military
Q9,910,2041994645157159342,68,3.4565442230629952,Iran much stronger military
Q9,911,2042016192261415250,69,3.4565442230629952,Iran much stronger military
Q9,2162,2048817604832202905,70,3.3942020524703858,Iran much stronger military
Q9,844,2041749886211969208,71,3.382844188466423,Iran much stronger military
Q9,1712,2047061013124505663,72,3.3564023509939425,Iran much stronger military
Q9,290,2028301122587508898,73,3.349440314008354,Iran much stronger military
Q9,1147,2043861543687971037,74,3.31293502331529,Iran much stronger military
Q9,2245,2048867875369230579,75,3.3076910957191306,Iran much stronger military
Q9,347,2030821412131467537,76,3.255813786198466,Iran much stronger military
Q9,348,2030923910649086109,77,3.255813786198466,Iran much stronger military
Q9,461,2035756878462861711,78,3.2478914332236846,Iran much stronger military
Q9,646,2040593304233050263,79,3.244871319279675,Iran much stronger military
Q9,2290,2048871108032561645,80,3.179366479315549,Iran much stronger military
Q9,587,2039702175493013817,81,3.132045911752057,Iran much stronger military
Q9,1392,2045262059424628801,82,3.1110651615742,Iran much stronger military
Q9,1681,2047000006243053672,83,3.094632844679146,Iran much stronger military
Q9,466,2035934562728001594,84,3.0818343297320623,Iran much stronger military
Q9,1100,2043504762449199142,85,3.047597957591961,Iran much stronger military
Q9,1694,2047015083272765649,86,3.047597957591961,Iran much stronger military
Q9,1705,2047038982446584046,87,3.047597957591961,Iran much stronger military
Q9,1772,2047355833223139490,88,3.047597957591961,Iran much stronger military
Q9,1839,2047604702012199220,89,3.047597957591961,Iran much stronger military
Q9,647,2040595279238316093,90,3.034982712457893,Iran much stronger military
Q9,502,2037229517329309703,91,3.0200706658387255,Iran much stronger military
Q9,1842,2047626880656843044,92,3.0200706658387255,Iran much stronger military
Q9,1946,2048062161235087383,93,3.015187500731737,Iran much stronger military
Q9,543,2038583346671014241,94,3.0060967392857734,Iran much stronger military
Q9,1378,2045182794498728129,95,3.001971418421987,Iran much stronger military
Q9,1668,2046988271725482398,96,3.001971418421987,Iran much stronger military
Q9,1708,2047048929603113272,97,3.001971418421987,Iran much stronger military
Q9,615,2040209798050853276,98,2.9901079869675495,Iran much stronger military
Q9,1865,2047708999231918415,99,2.9901079869675495,Iran much stronger military
Q10,469,2036027055003881722,0,10.891533939634165,closing Hormuz strait threat
Q10,105,1924347769172496806,1,10.267136923913316,closing Hormuz strait threat
Q10,148,1937091808774803843,2,10.122297125065058,closing Hormuz strait threat
Q10,783,2041517601319514498,3,9.676982620763626,closing Hormuz strait threat
Q10,459,2035736886304723059,4,9.574352148527682,closing Hormuz strait threat
Q10,127,1934024124676096318,5,9.561480638837688,closing Hormuz strait threat
Q10,732,2041257970126790782,6,9.497832427604134,closing Hormuz strait threat
Q10,244,2023929459003342954,7,9.227520540684848,closing Hormuz strait threat
Q10,391,2033152984365027591,8,8.962523302021982,closing Hormuz strait threat
Q10,240,2022807460583489879,9,8.84231164894872,closing Hormuz strait threat
Q10,267,2027720972309340330,10,8.78378314633061,closing Hormuz strait threat
Q10,370,2032091960664592554,11,8.70507960680354,closing Hormuz strait threat
Q10,185,1963237063429337106,12,8.628126521216693,closing Hormuz strait threat
Q10,295,2028420681340211294,13,8.552561552641299,closing Hormuz strait threat
Q10,140,1935655531315868154,14,8.551907692528633,closing Hormuz strait threat
Q10,247,2024453604128522410,15,8.47834650425185,closing Hormuz strait threat
Q10,562,2039162364579156192,16,8.451053081180454,closing Hormuz strait threat
Q10,610,2040106314265661953,17,8.451053081180454,closing Hormuz strait threat
Q10,191,1975208343934488892,18,8.36752831374579,closing Hormuz strait threat
Q10,213,2015337785000153258,19,8.263439808842158,closing Hormuz strait threat
Q10,1409,2045478539915628670,20,8.256315824058113,closing Hormuz strait threat
Q10,164,1944823316537016802,21,8.254323292618379,closing Hormuz strait threat
Q10,1719,2047072394343305470,22,8.140678262865176,closing Hormuz strait threat
Q10,135,1935048681142747412,23,7.980475197642708,closing Hormuz strait threat
Q10,498,2037135320559550469,24,7.980475197642708,closing Hormuz strait threat
Q10,1337,2045150431471362500,25,7.941006641229205,closing Hormuz strait threat
Q10,130,1934252005893251207,26,7.926085436894205,closing Hormuz strait threat
Q10,235,2019791359498920260,27,7.892579094511602,closing Hormuz strait threat
Q10,236,2019794248233570718,28,7.892579094511602,closing Hormuz strait threat
Q10,1436,2045954775464747010,29,7.892579094511602,closing Hormuz strait threat
Q10,1353,2045162376631320705,30,7.760455422382057,closing Hormuz strait threat
Q10,119,1933631923470872734,31,7.724283418523907,closing Hormuz strait threat
Q10,152,1937496710059565219,32,7.722470168036365,closing Hormuz strait threat
Q10,242,2023739392066556120,33,7.559539256335167,closing Hormuz strait threat
Q10,151,1937280338733982195,34,7.482589100609015,closing Hormuz strait threat
Q10,125,1933859267422888073,35,7.480625059547994,closing Hormuz strait threat
Q10,413,2034312521167876194,36,7.403341415461781,closing Hormuz strait threat
Q10,1351,2045160693846978996,37,7.363851742163584,closing Hormuz strait threat
Q10,2057,2048407131825783067,38,7.344219819806243,closing Hormuz strait threat
Q10,1727,2047109318873399388,39,7.264320298407881,closing Hormuz strait threat
Q10,1882,2047769366650052800,40,7.258343990253933,closing Hormuz strait threat
Q10,464,2035916318826721765,41,7.253467731356862,closing Hormuz strait threat
Q10,1515,2046605252250767422,42,7.227179700022587,closing Hormuz strait threat
Q10,118,1933624929146319153,43,7.1807836258716,closing Hormuz strait threat
Q10,126,1933877386778669521,44,7.1807836258716,closing Hormuz strait threat
Q10,348,2030923910649086109,45,7.1807836258716,closing Hormuz strait threat
Q10,1881,2047764663035986009,46,7.155816918474045,closing Hormuz strait threat
Q10,120,1933634371430592864,47,7.109541745256321,closing Hormuz strait threat
Q10,1341,2045151978179764506,48,7.0561459761818695,closing Hormuz strait threat
Q10,2146,2048748443687141599,49,7.0561459761818695,closing Hormuz strait threat
Q10,146,1936850868655022452,50,7.0396995854636115,closing Hormuz strait threat
Q10,147,1936924624799039922,51,7.0396995854636115,closing Hormuz strait threat
Q10,887,2041916543475273795,52,7.0396995854636115,closing Hormuz strait threat
Q10,1495,2046565898706645291,53,6.9592134567023445,closing Hormuz strait threat
Q10,2247,2048868063194526127,54,6.9592134567023445,closing Hormuz strait threat
Q10,307,2028994965246824721,55,6.904052602201444,closing Hormuz strait threat
Q10,1314,2045135674244735060,56,6.889936714753134,closing Hormuz strait threat
Q10,381,2032696529799323666,57,6.838170726222029,closing Hormuz strait threat
Q10,596,2039799976532770981,58,6.838170726222029,closing Hormuz strait threat
Q10,1342,2045152846224527367,59,6.683762546766027,closing Hormuz strait threat
Q10,1931,2048036263505154515,60,6.683762546766027,closing Hormuz strait threat
Q10,1072,2043325641043452383,61,6.596728058476273,closing Hormuz strait threat
Q10,141,1935667015382937624,62,6.588547985755987,closing Hormuz strait threat
Q10,1349,2045159014053388430,63,6.512778205461776,closing Hormuz strait threat
Q10,1618,2046858724367888407,64,6.5119311212791455,closing Hormuz strait threat
Q10,941,2042286290172068186,65,6.433853411662293,closing Hormuz strait threat
Q10,1340,2045151254716850444,66,6.429286543180478,closing Hormuz strait threat
Q10,1493,2046562908285399484,67,6.429286543180478,closing Hormuz strait threat
Q10,354,2031247080501440648,68,6.34871340276043,closing Hormuz strait threat
Q10,1338,2045150585750769931,69,6.34871340276043,closing Hormuz strait threat
Q10,1739,2047148507920748749,70,6.34871340276043,closing Hormuz strait threat
Q10,1077,2043351138955596003,71,6.337172108757336,closing Hormuz strait threat
Q10,2124,2048678283605151794,72,6.315086565104982,closing Hormuz strait threat
Q10,378,2032495783161852035,73,6.302687464441789,closing Hormuz strait threat
Q10,1345,2045155262114259192,74,6.301015907194273,closing Hormuz strait threat
Q10,1921,2047996842839851127,75,6.253179327632986,closing Hormuz strait threat
Q10,1759,2047278856386593280,76,6.234454221856524,closing Hormuz strait threat
Q10,1131,2043758637366087952,77,6.16684550636364,closing Hormuz strait threat
Q10,456,2035679634218746200,78,6.1605553867577365,closing Hormuz strait threat
Q10,2390,2048882258002526376,79,6.118672036039747,closing Hormuz strait threat
Q10,1829,2047488443333370267,80,6.045651989397753,closing Hormuz strait threat
Q10,1883,2047770030348419270,81,6.045651989397753,closing Hormuz strait threat
Q10,1336,2045150416963256560,82,5.885391010527892,closing Hormuz strait threat
Q10,1525,2046630390757302671,83,5.7052222427048,closing Hormuz strait threat
Q10,1777,2047365076714401993,84,5.7052222427048,closing Hormuz strait threat
Q10,1790,2047389080695328842,85,5.7052222427048,closing Hormuz strait threat
Q10,1572,2046691700546904495,86,5.518765726041056,closing Hormuz strait threat
Q10,2144,2048734714517696540,87,5.401087807353846,closing Hormuz strait threat
Q10,2039,2048346160507609301,88,5.330268191357128,closing Hormuz strait threat
Q10,802,2041570735337173431,89,5.288323658206229,closing Hormuz strait threat
Q10,943,2042291786794590513,90,5.288323658206229,closing Hormuz strait threat
Q10,1509,2046591902493892952,91,5.288323658206229,closing Hormuz strait threat
Q10,2363,2048877024299647099,92,5.288323658206229,closing Hormuz strait threat
Q10,800,2041569655966581120,93,5.233689062813447,closing Hormuz strait threat
Q10,1248,2044846530549428630,94,5.233689062813447,closing Hormuz strait threat
Q10,998,2042783154893635918,95,5.127737950027364,closing Hormuz strait threat
Q10,1263,2045043781985005599,96,5.127737950027364,closing Hormuz strait threat
Q10,2106,2048620972471927104,97,5.1122488603817065,closing Hormuz strait threat
Q10,1305,2045132759035773312,98,5.076354934363096,closing Hormuz strait threat
Q10,1352,2045160925821325459,99,5.076354934363096,closing Hormuz strait threat
Q11,828,2041669140998713839,0,9.75502360971469,Iran intercepting missiles drones
Q11,514,2037731453426171974,1,9.458493160356436,Iran intercepting missiles drones
Q11,523,2038109284328702387,2,9.458493160356436,Iran intercepting missiles drones
Q11,398,2033422071846293859,3,9.161442565896262,Iran intercepting missiles drones
Q11,496,2037052767236186441,4,9.13746046229079,Iran intercepting missiles drones
Q11,500,2037145041563521032,5,9.046025377977145,Iran intercepting missiles drones
Q11,1773,2047359007195623860,6,9.046025377977145,Iran intercepting missiles drones
Q11,393,2033192516615323843,7,8.916415788489726,Iran intercepting missiles drones
Q11,690,2041080469106966918,8,8.8170178282071,Iran intercepting missiles drones
Q11,871,2041887102116217327,9,8.79067457362786,Iran intercepting missiles drones
Q11,401,2033685430307016764,10,8.727190197571158,Iran intercepting missiles drones
Q11,430,2034814871582204142,11,8.727190197571158,Iran intercepting missiles drones
Q11,462,2035849591845961746,12,8.727190197571158,Iran intercepting missiles drones
Q11,403,2033754639695548741,13,8.717577585751854,Iran intercepting missiles drones
Q11,826,2041660567145083146,14,8.66802833709665,Iran intercepting missiles drones
Q11,525,2038215181587861885,15,8.613080124115523,Iran intercepting missiles drones
Q11,438,2035098211954958403,16,8.565223205863592,Iran intercepting missiles drones
Q11,465,2035924851580391648,17,8.565223205863592,Iran intercepting missiles drones
Q11,409,2034156982202994729,18,8.486555037978214,Iran intercepting missiles drones
Q11,367,2031838554096333167,19,8.482577451883408,Iran intercepting missiles drones
Q11,368,2031840265162432709,20,8.482577451883408,Iran intercepting missiles drones
Q11,405,2034027743327772929,21,8.481303579449282,Iran intercepting missiles drones
Q11,432,2034836388324233281,22,8.409370096556332,Iran intercepting missiles drones
Q11,404,2033996701229584686,23,8.34989760777015,Iran intercepting missiles drones
Q11,416,2034353149658439898,24,8.221545261568508,Iran intercepting missiles drones
Q11,427,2034641668595409376,25,8.221545261568508,Iran intercepting missiles drones
Q11,602,2039963375589839232,26,8.210578883905441,Iran intercepting missiles drones
Q11,849,2041816019128217725,27,8.189596256137163,Iran intercepting missiles drones
Q11,435,2034880867584057792,28,8.186293159870672,Iran intercepting missiles drones
Q11,453,2035607926987980885,29,8.114627798723038,Iran intercepting missiles drones
Q11,339,2030420890270515558,30,8.002096078650307,Iran intercepting missiles drones
Q11,851,2041822107403948324,31,7.999494862918401,Iran intercepting missiles drones
Q11,402,2033686487901081629,32,7.922182832977802,Iran intercepting missiles drones
Q11,520,2037998909721813233,33,7.879933383628321,Iran intercepting missiles drones
Q11,2128,2048694772076847570,34,7.842080031400099,Iran intercepting missiles drones
Q11,437,2035097316001034646,35,7.798992235278314,Iran intercepting missiles drones
Q11,450,2035551168508608701,36,7.774880725156152,Iran intercepting missiles drones
Q11,689,2041078469769998776,37,7.763384094113426,Iran intercepting missiles drones
Q11,691,2041087535917449714,38,7.763384094113426,Iran intercepting missiles drones
Q11,455,2035674476554469647,39,7.68618803580683,Iran intercepting missiles drones
Q11,387,2032828238381162937,40,7.608294806660998,Iran intercepting missiles drones
Q11,832,2041679790172991726,41,7.608294806660998,Iran intercepting missiles drones
Q11,412,2034285143792267609,42,7.568892890877098,Iran intercepting missiles drones
Q11,918,2042090753170514277,43,7.5235104269391595,Iran intercepting missiles drones
Q11,417,2034355747816095980,44,7.419562007439401,Iran intercepting missiles drones
Q11,837,2041722288253604025,45,7.339115703002566,Iran intercepting missiles drones
Q11,357,2031328719156163034,46,7.0713515331686905,Iran intercepting missiles drones
Q11,526,2038215691078402247,47,7.0713515331686905,Iran intercepting missiles drones
Q11,814,2041606217706221707,48,7.0713515331686905,Iran intercepting missiles drones
Q11,2102,2048600538158354671,49,6.947336272131423,Iran intercepting missiles drones
Q11,631,2040403610974978364,50,6.941665039532158,Iran intercepting missiles drones
Q11,365,2031716160626905123,51,6.930453551507101,Iran intercepting missiles drones
Q11,484,2036550963004056040,52,6.870351159221055,Iran intercepting missiles drones
Q11,1470,2046371445580894632,53,6.870351159221055,Iran intercepting missiles drones
Q11,2103,2048602483350458692,54,6.85962739042572,Iran intercepting missiles drones
Q11,384,2032778904671498598,55,6.854122274857241,Iran intercepting missiles drones
Q11,1508,2046589996472336506,56,6.854122274857241,Iran intercepting missiles drones
Q11,877,2041905440301441174,57,6.779454090178346,Iran intercepting missiles drones
Q11,440,2035174062436065533,58,6.72811746668178,Iran intercepting missiles drones
Q11,513,2037717321142489243,59,6.49637060794967,Iran intercepting missiles drones
Q11,863,2041854654951084442,60,6.49637060794967,Iran intercepting missiles drones
Q11,2265,2048869256750600629,61,6.432209858323204,Iran intercepting missiles drones
Q11,428,2034645865785381329,62,6.36351290521624,Iran intercepting missiles drones
Q11,2064,2048442703126335971,63,6.36351290521624,Iran intercepting missiles drones
Q11,2113,2048649637255688628,64,6.36351290521624,Iran intercepting missiles drones
Q11,865,2041859245637824817,65,6.299101238278786,Iran intercepting missiles drones
Q11,2125,2048680298448097668,66,6.208878198431552,Iran intercepting missiles drones
Q11,1793,2047391298827812867,67,6.2051383971061576,Iran intercepting missiles drones
Q11,467,2035952139743166848,68,6.174112144669512,Iran intercepting missiles drones
Q11,463,2035893718817902639,69,6.1134593849788,Iran intercepting missiles drones
Q11,1794,2047391922092712178,70,6.025235074232938,Iran intercepting missiles drones
Q11,1745,2047223224987971874,71,5.968885416851068,Iran intercepting missiles drones
Q11,1709,2047053696177930721,72,5.773464718357737,Iran intercepting missiles drones
Q11,1713,2047062739475206383,73,5.773464718357737,Iran intercepting missiles drones
Q11,1792,2047390568272052558,74,5.773464718357737,Iran intercepting missiles drones
Q11,1809,2047403817122058425,75,5.773464718357737,Iran intercepting missiles drones
Q11,1751,2047254953602015530,76,5.694152798909695,Iran intercepting missiles drones
Q11,1812,2047407649063407937,77,5.694152798909695,Iran intercepting missiles drones
Q11,830,2041672167176229083,78,5.650705061653859,Iran intercepting missiles drones
Q11,768,2041478712865013800,79,5.596936760934626,Iran intercepting missiles drones
Q11,537,2038431100075221390,80,5.357001742729427,Iran intercepting missiles drones
Q11,539,2038443521703559673,81,5.357001742729427,Iran intercepting missiles drones
Q11,277,2027800204225749004,82,5.289310067866349,Iran intercepting missiles drones
Q11,281,2027836756066779496,83,5.289310067866349,Iran intercepting missiles drones
Q11,1698,2047024232756859198,84,5.229548303549622,Iran intercepting missiles drones
Q11,1784,2047382788236840962,85,5.194630746235783,Iran intercepting missiles drones
Q11,1641,2046931928226594903,86,5.1558542658127156,Iran intercepting missiles drones
Q11,641,2040541442041622932,87,5.143952538797317,Iran intercepting missiles drones
Q11,642,2040544440499237123,88,5.143952538797317,Iran intercepting missiles drones
Q11,695,2041122035770773576,89,5.126849579774126,Iran intercepting missiles drones
Q11,1992,2048137582253310210,90,5.07696911832592,Iran intercepting missiles drones
Q11,2154,2048787809897521208,91,5.07696911832592,Iran intercepting missiles drones
Q11,738,2041302747010470103,92,5.028239232810035,Iran intercepting missiles drones
Q11,2046,2048376992060293546,93,5.011707760322044,Iran intercepting missiles drones
Q11,1789,2047386859630915724,94,5.006406789559177,Iran intercepting missiles drones
Q11,766,2041475661735350412,95,4.948102899384221,Iran intercepting missiles drones
Q11,883,2041913867266109898,96,4.948102899384221,Iran intercepting missiles drones
Q11,1616,2046852823531270214,97,4.948102899384221,Iran intercepting missiles drones
Q11,915,2042074367233028373,98,4.872564050152343,Iran intercepting missiles drones
Q11,705,2041148265505214890,99,4.829880267791016,Iran intercepting missiles drones
Q12,1936,2048050532896723098,0,13.170118275129962,hitting US bases Middle East
Q12,258,2027673156136407536,1,12.966858188131782,hitting US bases Middle East
Q12,264,2027703830788383048,2,12.966858188131782,hitting US bases Middle East
Q12,265,2027704187673276537,3,12.966858188131782,hitting US bases Middle East
Q12,150,1937191397657821586,4,11.541819377254502,hitting US bases Middle East
Q12,261,2027692141816725545,5,11.385414322802282,hitting US bases Middle East
Q12,338,2030395820680298844,6,11.298758705292208,hitting US bases Middle East
Q12,279,2027820381554327728,7,11.233191533992347,hitting US bases Middle East
Q12,263,2027703768276475958,8,11.145248157019756,hitting US bases Middle East
Q12,122,1933781354954551464,9,11.084985473600701,hitting US bases Middle East
Q12,306,2028968010401112477,10,11.084985473600701,hitting US bases Middle East
Q12,142,1936484813613191303,11,10.800003946788113,hitting US bases Middle East
Q12,318,2029738107889762388,12,10.58517181767378,hitting US bases Middle East
Q12,294,2028401891827429598,13,10.478093121573902,hitting US bases Middle East
Q12,293,2028355906837061645,14,10.305110893265889,hitting US bases Middle East
Q12,58,1844028835995832450,15,10.271850329095521,hitting US bases Middle East
Q12,781,2041512468434845888,16,10.271850329095521,hitting US bases Middle East
Q12,2027,2048308576943235310,17,10.158861729182547,hitting US bases Middle East
Q12,436,2034882184406770102,18,10.14778579619725,hitting US bases Middle East
Q12,282,2027963709419884746,19,9.982850553997674,hitting US bases Middle East
Q12,1993,2048143118420054518,20,9.9084354595667,hitting US bases Middle East
Q12,593,2039771098665947512,21,9.792945010130058,hitting US bases Middle East
Q12,369,2031905602104856771,22,9.788848290502628,hitting US bases Middle East
Q12,1995,2048143242164871421,23,9.6712890687512,hitting US bases Middle East
Q12,259,2027690712213401732,24,9.668694805120484,hitting US bases Middle East
Q12,2093,2048557741661434249,25,9.615755408033051,hitting US bases Middle East
Q12,471,2036100542041084173,26,9.519204018650944,hitting US bases Middle East
Q12,400,2033654055461961758,27,9.3796934034151,hitting US bases Middle East
Q12,249,2024792429602410550,28,9.3739572980145,hitting US bases Middle East
Q12,296,2028505430029218222,29,9.187374253022334,hitting US bases Middle East
Q12,2132,2048700709571346718,30,9.153296913097943,hitting US bases Middle East
Q12,2176,2048842095763554493,31,9.153296913097943,hitting US bases Middle East
Q12,290,2028301122587508898,32,9.09687555881128,hitting US bases Middle East
Q12,204,2011588435195085209,33,9.065670177922918,hitting US bases Middle East
Q12,320,2029890768882540546,34,9.008164475433617,hitting US bases Middle East
Q12,476,2036273723724935319,35,8.957676079490307,hitting US bases Middle East
Q12,274,2027770360075075604,36,8.955983259382592,hitting US bases Middle East
Q12,284,2028168447515828293,37,8.921188066091133,hitting US bases Middle East
Q12,260,2027691404617785640,38,8.863180257648468,hitting US bases Middle East
Q12,1987,2048130296168493363,39,8.84910282659046,hitting US bases Middle East
Q12,277,2027800204225749004,40,8.835895477859275,hitting US bases Middle East
Q12,281,2027836756066779496,41,8.835895477859275,hitting US bases Middle East
Q12,278,2027817530560041256,42,8.752237839643588,hitting US bases Middle East
Q12,485,2036566404967833658,43,8.653493954446638,hitting US bases Middle East
Q12,1173,2044270455406596394,44,8.580666586256788,hitting US bases Middle East
Q12,607,2040105690447151132,45,8.510613662351146,hitting US bases Middle East
Q12,439,2035101892561231967,46,8.504326760678705,hitting US bases Middle East
Q12,575,2039404316499329148,47,8.504326760678705,hitting US bases Middle East
Q12,1182,2044345792069013761,48,8.476567424850847,hitting US bases Middle East
Q12,2062,2048434388371701983,49,8.445928984457716,hitting US bases Middle East
Q12,315,2029674818270851225,50,8.419108296042525,hitting US bases Middle East
Q12,1174,2044272929626575080,51,8.375017197469205,hitting US bases Middle East
Q12,1387,2045185691781365766,52,8.375017197469205,hitting US bases Middle East
Q12,472,2036101659756011700,53,8.253694341671507,hitting US bases Middle East
Q12,477,2036335133058281888,54,8.253694341671507,hitting US bases Middle East
Q12,2000,2048149889620578517,55,8.23813355083062,hitting US bases Middle East
Q12,2153,2048783738973061497,56,8.187178551469248,hitting US bases Middle East
Q12,2084,2048507203267502464,57,8.084743963113873,hitting US bases Middle East
Q12,205,2012119808247300132,58,7.905645489772782,hitting US bases Middle East
Q12,1221,2044664521650762165,59,7.902369304780981,hitting US bases Middle East
Q12,2005,2048171140707975549,60,7.807126090640056,hitting US bases Middle East
Q12,2051,2048386725727375843,61,7.776764933945087,hitting US bases Middle East
Q12,996,2042726616460038633,62,7.680511189088656,hitting US bases Middle East
Q12,1974,2048107271591469269,63,7.643155613456933,hitting US bases Middle East
Q12,2204,2048864126428921906,64,7.371595842193692,hitting US bases Middle East
Q12,2102,2048600538158354671,65,7.325157196616985,hitting US bases Middle East
Q12,966,2042356295278202949,66,7.31819906001475,hitting US bases Middle East
Q12,1914,2047947584921030949,67,7.226452879453078,hitting US bases Middle East
Q12,1205,2044487789790826689,68,7.125484708285075,hitting US bases Middle East
Q12,2140,2048726332910256448,69,6.834587873926709,hitting US bases Middle East
Q12,666,2040838004424708259,70,6.698009965059532,hitting US bases Middle East
Q12,2124,2048678283605151794,71,6.615984625660497,hitting US bases Middle East
Q12,2144,2048734714517696540,72,6.615984625660497,hitting US bases Middle East
Q12,1190,2044409455895326888,73,6.60572737096404,hitting US bases Middle East
Q12,1191,2044409463315050798,74,6.60572737096404,hitting US bases Middle East
Q12,1656,2046964720662700208,75,6.561416312273372,hitting US bases Middle East
Q12,262,2027700084624814585,76,6.517408912450641,hitting US bases Middle East
Q12,130,1934252005893251207,77,6.512509714181948,hitting US bases Middle East
Q12,2255,2048868676326359088,78,6.46495647131219,hitting US bases Middle East
Q12,2054,2048402431873302656,79,6.34537675190116,hitting US bases Middle East
Q12,1840,2047609684664934623,80,6.281148659647101,hitting US bases Middle East
Q12,2118,2048663817924542875,81,6.227954624347499,hitting US bases Middle East
Q12,2029,2048314091232547225,82,6.154506925224013,hitting US bases Middle East
Q12,2120,2048668712199422118,83,5.810626023838456,hitting US bases Middle East
Q12,1998,2048146883697140014,84,5.803025943241388,hitting US bases Middle East
Q12,1376,2045181707087954433,85,5.685180454393267,hitting US bases Middle East
Q12,1060,2043271395359277553,86,5.672394633758003,hitting US bases Middle East
Q12,1636,2046915384524116135,87,5.656897115989695,hitting US bases Middle East
Q12,1036,2043151110840660459,88,5.536875456727888,hitting US bases Middle East
Q12,2018,2048238460453171698,89,5.528919781841674,hitting US bases Middle East
Q12,1451,2046234038097097045,90,5.493755221492217,hitting US bases Middle East
Q12,2087,2048528861781008663,91,5.451923247836387,hitting US bases Middle East
Q12,2311,2048872607177400476,92,5.447789558500983,hitting US bases Middle East
Q12,1760,2047282289013608495,93,5.3915074930393,hitting US bases Middle East
Q12,2376,2048879063151104340,94,5.336376455801467,hitting US bases Middle East
Q12,2327,2048874343758000414,95,5.32333168206422,hitting US bases Middle East
Q12,1766,2047336342787395803,96,5.280346535246052,hitting US bases Middle East
Q12,1407,2045457438019633664,97,5.26030151190581,hitting US bases Middle East
Q12,623,2040358932661903484,98,5.2288150505510735,hitting US bases Middle East
Q12,1043,2043178406632632532,99,5.202702948556001,hitting US bases Middle East
Q13,827,2041666758847688865,0,10.53354333257812,Zionist coalition Iran war
Q13,397,2033377447450964091,1,10.404810577833517,Zionist coalition Iran war
Q13,511,2037654779435044995,2,9.893151989058778,Zionist coalition Iran war
Q13,475,2036269205125824718,3,9.745038526251511,Zionist coalition Iran war
Q13,266,2027712646057787443,4,9.601294552124719,Zionist coalition Iran war
Q13,70,1850490823873298639,5,9.438294258530926,Zionist coalition Iran war
Q13,73,1850758670176378956,6,9.438294258530926,Zionist coalition Iran war
Q13,379,2032640558200483965,7,9.326163808300311,Zionist coalition Iran war
Q13,497,2037104630648205625,8,9.326163808300311,Zionist coalition Iran war
Q13,554,2038982517420683274,9,9.066361875038243,Zionist coalition Iran war
Q13,72,1850575486625124672,10,8.94796556984181,Zionist coalition Iran war
Q13,123,1933807429126345011,11,8.941814380977455,Zionist coalition Iran war
Q13,121,1933758872864301561,12,8.58789063326574,Zionist coalition Iran war
Q13,914,2042050372001239509,13,8.58789063326574,Zionist coalition Iran war
Q13,441,2035336784557605176,14,8.476061007134527,Zionist coalition Iran war
Q13,424,2034579403686945225,15,8.395813920382206,Zionist coalition Iran war
Q13,78,1851897289595318783,16,8.288971139445493,Zionist coalition Iran war
Q13,491,2036809066199048429,17,8.285067114441905,Zionist coalition Iran war
Q13,634,2040452738656448835,18,8.15738979105949,Zionist coalition Iran war
Q13,341,2030631265330757701,19,8.056425016849094,Zionist coalition Iran war
Q13,81,1856766388846711205,20,7.957928987604969,Zionist coalition Iran war
Q13,1053,2043246584914387344,21,7.861812250011134,Zionist coalition Iran war
Q13,517,2037937332687356059,22,7.851526178746723,Zionist coalition Iran war
Q13,324,2030007531775610952,23,7.811749271672092,Zionist coalition Iran war
Q13,21,1724462743644762434,24,7.646538826961013,Zionist coalition Iran war
Q13,886,2041915703469453377,25,7.64238544062213,Zionist coalition Iran war
Q13,76,1851722418638798923,26,7.552589017225097,Zionist coalition Iran war
Q13,77,1851879157862387912,27,7.403854996574728,Zionist coalition Iran war
Q13,347,2030821412131467537,28,7.237741318952055,Zionist coalition Iran war
Q13,287,2028272290475999405,29,7.102188226504706,Zionist coalition Iran war
Q13,311,2029336641756635523,30,7.102188226504706,Zionist coalition Iran war
Q13,555,2038983137867501990,31,7.030610428211615,Zionist coalition Iran war
Q13,356,2031305810039763131,32,6.9397964194079576,Zionist coalition Iran war
Q13,489,2036733728089588137,33,6.866587502246007,Zionist coalition Iran war
Q13,418,2034399365217808493,34,6.794907044081247,Zionist coalition Iran war
Q13,420,2034413155271733601,35,6.724707672583083,Zionist coalition Iran war
Q13,30,1826552257242145274,36,6.693508932843841,Zionist coalition Iran war
Q13,426,2034624458149724583,37,6.655943953050214,Zionist coalition Iran war
Q13,325,2030018564036423995,38,6.588572290346929,Zionist coalition Iran war
Q13,377,2032465903254986814,39,6.588572290346929,Zionist coalition Iran war
Q13,434,2034854340335137218,40,6.5064610606818425,Zionist coalition Iran war
Q13,181,1954519335281496426,41,6.394399387846453,Zionist coalition Iran war
Q13,486,2036607372353761763,42,6.394399387846453,Zionist coalition Iran war
Q13,26,1819366242752381169,43,6.0950204627670335,Zionist coalition Iran war
Q13,346,2030746505104200040,44,6.0522356043635,Zionist coalition Iran war
Q13,615,2040209798050853276,45,5.418817398842756,Zionist coalition Iran war
Q13,1506,2046582380710732249,46,5.390797052851432,Zionist coalition Iran war
Q13,1507,2046586543238734175,47,5.054821467238531,Zionist coalition Iran war
Q13,483,2036509363200774410,48,4.908777912103011,Zionist coalition Iran war
Q13,1659,2046970460441870619,49,4.75243574239541,Zionist coalition Iran war
Q13,1496,2046566030781403231,50,4.726000352174604,Zionist coalition Iran war
Q13,1658,2046965623234928868,51,4.668919202490326,Zionist coalition Iran war
Q13,330,2030329259902808452,52,4.6442573793804325,Zionist coalition Iran war
Q13,2068,2048451022755106994,53,4.613200462226841,Zionist coalition Iran war
Q13,1532,2046639541792997576,54,4.587470937038816,Zionist coalition Iran war
Q13,1534,2046641570234163460,55,4.587470937038816,Zionist coalition Iran war
Q13,326,2030033507754680461,56,4.491383117137397,Zionist coalition Iran war
Q13,1518,2046618782056038597,57,4.453747788825089,Zionist coalition Iran war
Q13,2171,2048828220884017394,58,4.442780178447404,Zionist coalition Iran war
Q13,1522,2046622991438827948,59,4.434562548780458,Zionist coalition Iran war
Q13,1610,2046827611159159093,60,4.427831296126107,Zionist coalition Iran war
Q13,975,2042459206507205106,61,4.401042433071382,Zionist coalition Iran war
Q13,702,2041133081122292164,62,4.30494963161483,Zionist coalition Iran war
Q13,1786,2047383713709691293,63,4.30494963161483,Zionist coalition Iran war
Q13,927,2042156225819795754,64,4.271016231648797,Zionist coalition Iran war
Q13,1655,2046958944178798991,65,4.257535375267488,Zionist coalition Iran war
Q13,524,2038136076062122451,66,4.229390341197032,Zionist coalition Iran war
Q13,660,2040772082955595961,67,4.191366812037469,Zionist coalition Iran war
Q13,898,2041951355691008264,68,4.188580006489825,Zionist coalition Iran war
Q13,1514,2046605151545315615,69,4.165772624024269,Zionist coalition Iran war
Q13,1577,2046697856954671373,70,4.121358757187509,Zionist coalition Iran war
Q13,1991,2048137391207014828,71,4.062791835389076,Zionist coalition Iran war
Q13,349,2030967188664783315,72,4.0330279834560985,Zionist coalition Iran war
Q13,29,1822989553084367168,73,3.9627247144446573,Zionist coalition Iran war
Q13,1917,2047955046751785046,74,3.959563797132755,Zionist coalition Iran war
Q13,1752,2047259004896735734,75,3.953297836849212,Zionist coalition Iran war
Q13,342,2030636631758188773,76,3.9527863989694607,Zionist coalition Iran war
Q13,433,2034839485947478128,77,3.8887633733067943,Zionist coalition Iran war
Q13,797,2041562509610532941,78,3.873567808848385,Zionist coalition Iran war
Q13,866,2041865568660418963,79,3.827635740028208,Zionist coalition Iran war
Q13,27,1820093669862686998,80,3.77784450348787,Zionist coalition Iran war
Q13,718,2041199714939334938,81,3.7678155574793712,Zionist coalition Iran war
Q13,1709,2047053696177930721,82,3.6820929928816777,Zionist coalition Iran war
Q13,1713,2047062739475206383,83,3.6820929928816777,Zionist coalition Iran war
Q13,493,2036866703339237740,84,3.681578351802952,Zionist coalition Iran war
Q13,509,2037570831987970470,85,3.6537199222625807,Zionist coalition Iran war
Q13,885,2041914697189114247,86,3.5678360042558364,Zionist coalition Iran war
Q13,532,2038317921009643652,87,3.5344044376453265,Zionist coalition Iran war
Q13,2166,2048819968066601137,88,3.3774777202220116,Zionist coalition Iran war
Q13,1609,2046815325488894339,89,3.33825980990552,Zionist coalition Iran war
Q13,884,2041914121105674681,90,3.258582427105259,Zionist coalition Iran war
Q13,1536,2046644447790924187,91,3.2136422449036433,Zionist coalition Iran war
Q13,1538,2046647550057611739,92,3.2136422449036433,Zionist coalition Iran war
Q13,891,2041923035641344317,93,3.1101182016592013,Zionist coalition Iran war
Q13,1531,2046639235474829577,94,3.056704647885745,Zionist coalition Iran war
Q13,893,2041926679954591777,95,3.007354670628974,Zionist coalition Iran war
Q13,1886,2047784935314858373,96,2.9745928223664784,Zionist coalition Iran war
Q13,443,2035435362823413815,97,2.971878281939308,Zionist coalition Iran war
Q13,1519,2046619849976434782,98,2.971878281939308,Zionist coalition Iran war
Q13,1528,2046638153566671194,99,2.971878281939308,Zionist coalition Iran war
Q14,233,2018978587957989848,0,9.798921153778116,terrorist regime Iran sanctions
Q14,211,2014756774889308205,1,9.754919240044913,terrorist regime Iran sanctions
Q14,255,2026841349144658351,2,8.867280132796871,terrorist regime Iran sanctions
Q14,451,2035567751700300249,3,8.719427104192457,terrorist regime Iran sanctions
Q14,390,2033144860669264190,4,8.561943809047483,terrorist regime Iran sanctions
Q14,253,2026533579027611847,5,7.908862254626989,terrorist regime Iran sanctions
Q14,223,2016937550007664811,6,7.854866601132619,terrorist regime Iran sanctions
Q14,380,2032657653063934095,7,7.7007062575132945,terrorist regime Iran sanctions
Q14,1049,2043229398384435244,8,7.434775366494781,terrorist regime Iran sanctions
Q14,226,2017161637883486218,9,7.385774199648408,terrorist regime Iran sanctions
Q14,340,2030463823069516071,10,7.385774199648408,terrorist regime Iran sanctions
Q14,343,2030659811931754633,11,7.385774199648408,terrorist regime Iran sanctions
Q14,217,2016506955494240575,12,7.380339596610074,terrorist regime Iran sanctions
Q14,2169,2048827884567945709,13,7.286890003418493,terrorist regime Iran sanctions
Q14,2031,2048321368333357347,14,7.22363382892859,terrorist regime Iran sanctions
Q14,208,2014297714532520030,15,7.130489077981022,terrorist regime Iran sanctions
Q14,241,2022839526369157596,16,7.066634280586391,terrorist regime Iran sanctions
Q14,299,2028667650050826446,17,7.05110733468387,terrorist regime Iran sanctions
Q14,210,2014750295176491228,18,6.969882374527306,terrorist regime Iran sanctions
Q14,222,2016924404110737805,19,6.969882374527306,terrorist regime Iran sanctions
Q14,1251,2044869215371608485,20,6.894926516516136,terrorist regime Iran sanctions
Q14,212,2014816371100578139,21,6.892261929718693,terrorist regime Iran sanctions
Q14,395,2033311843691741646,22,6.816351291520094,terrorist regime Iran sanctions
Q14,1807,2047403471570194857,23,6.770701771152279,terrorist regime Iran sanctions
Q14,220,2016893034512687533,24,6.764325309236165,terrorist regime Iran sanctions
Q14,367,2031838554096333167,25,6.696274469377489,terrorist regime Iran sanctions
Q14,368,2031840265162432709,26,6.696274469377489,terrorist regime Iran sanctions
Q14,1724,2047105678855041133,27,6.669438325961739,terrorist regime Iran sanctions
Q14,1944,2048058649403097155,28,6.564239128428281,terrorist regime Iran sanctions
Q14,1743,2047205571288273084,29,6.528724584977466,terrorist regime Iran sanctions
Q14,1915,2047950360002642189,30,6.5059700243539424,terrorist regime Iran sanctions
Q14,218,2016536382521438325,31,6.50017385321752,terrorist regime Iran sanctions
Q14,443,2035435362823413815,32,6.437358987139355,terrorist regime Iran sanctions
Q14,209,2014331726869246354,33,6.393825796936134,terrorist regime Iran sanctions
Q14,221,2016895598029656493,34,6.393825796936134,terrorist regime Iran sanctions
Q14,407,2034056484393521636,35,6.393825796936134,terrorist regime Iran sanctions
Q14,2048,2048381872443433371,36,6.358837982519355,terrorist regime Iran sanctions
Q14,225,2017133169082863969,37,6.358225462817247,terrorist regime Iran sanctions
Q14,280,2027821323104489833,38,6.3153358487579965,terrorist regime Iran sanctions
Q14,251,2025451826724712953,39,6.2707053109730175,terrorist regime Iran sanctions
Q14,219,2016656806647419384,40,6.201640431117134,terrorist regime Iran sanctions
Q14,542,2038576276240236781,41,6.201615866779615,terrorist regime Iran sanctions
Q14,350,2030971802059501604,42,6.16305054985455,terrorist regime Iran sanctions
Q14,248,2024500690027208943,43,6.134080324300626,terrorist regime Iran sanctions
Q14,1744,2047213835048653278,44,5.9609998285387125,terrorist regime Iran sanctions
Q14,2108,2048641889440612617,45,5.774935974456481,terrorist regime Iran sanctions
Q14,1545,2046654713081303548,46,5.76796369586603,terrorist regime Iran sanctions
Q14,1565,2046677036417069365,47,5.76796369586603,terrorist regime Iran sanctions
Q14,1520,2046622019941187771,48,5.741360785060543,terrorist regime Iran sanctions
Q14,1455,2046248381555540038,49,5.569685218742091,terrorist regime Iran sanctions
Q14,1145,2043849149976649952,50,5.3109252372316575,terrorist regime Iran sanctions
Q14,1885,2047784008742801912,51,5.1717220681174645,terrorist regime Iran sanctions
Q14,1593,2046758576073703596,52,5.084498661600021,terrorist regime Iran sanctions
Q14,2150,2048760717889962123,53,4.965388934726466,terrorist regime Iran sanctions
Q14,732,2041257970126790782,54,4.919822715611545,terrorist regime Iran sanctions
Q14,617,2040295153936863488,55,4.897760399732819,terrorist regime Iran sanctions
Q14,2059,2048408839385424288,56,4.851469508408546,terrorist regime Iran sanctions
Q14,1559,2046665927136043498,57,4.806557262887429,terrorist regime Iran sanctions
Q14,1581,2046709928560357658,58,4.806557262887429,terrorist regime Iran sanctions
Q14,2319,2048873686325764591,59,4.798125123751481,terrorist regime Iran sanctions
Q14,2042,2048365682392248431,60,4.767527091864289,terrorist regime Iran sanctions
Q14,1738,2047142267362725918,61,4.757263506759211,terrorist regime Iran sanctions
Q14,2355,2048876180523389067,62,4.743208262690723,terrorist regime Iran sanctions
Q14,1189,2044409120346812706,63,4.737223799667551,terrorist regime Iran sanctions
Q14,791,2041526085691576715,64,4.607823250968868,terrorist regime Iran sanctions
Q14,1035,2043150514972487688,65,4.605103160792603,terrorist regime Iran sanctions
Q14,2034,2048327038268789216,66,4.488612330500959,terrorist regime Iran sanctions
Q14,991,2042661659186204958,67,4.444301599003418,terrorist regime Iran sanctions
Q14,783,2041517601319514498,68,4.383975860391869,terrorist regime Iran sanctions
Q14,1913,2047939001479278912,69,4.342642711065946,terrorist regime Iran sanctions
Q14,1588,2046740858750513552,70,4.285286607771654,terrorist regime Iran sanctions
Q14,1939,2048055809368826278,71,4.24318914456775,terrorist regime Iran sanctions
Q14,2086,2048521321806717341,72,4.1717499021256685,terrorist regime Iran sanctions
Q14,1542,2046652115922096257,73,4.105390877135671,terrorist regime Iran sanctions
Q14,90,1873141907020283912,74,4.01785067742414,terrorist regime Iran sanctions
Q14,1922,2048006940211458316,75,3.9932284046171693,terrorist regime Iran sanctions
Q14,1893,2047812838157328514,76,3.975465788929424,terrorist regime Iran sanctions
Q14,1872,2047748358983274887,77,3.9665861025209472,terrorist regime Iran sanctions
Q14,1873,2047749293017076115,78,3.9344434019560772,terrorist regime Iran sanctions
Q14,1935,2048046246892368208,79,3.933965814003658,terrorist regime Iran sanctions
Q14,2259,2048868969210429866,80,3.916772655800452,terrorist regime Iran sanctions
Q14,570,2039354369708380269,81,3.901507912922237,terrorist regime Iran sanctions
Q14,413,2034312521167876194,82,3.8857680366898917,terrorist regime Iran sanctions
Q14,2242,2048867604736176454,83,3.875287840902005,terrorist regime Iran sanctions
Q14,1912,2047938521550278709,84,3.866044213060088,terrorist regime Iran sanctions
Q14,1120,2043723895178449312,85,3.8460339877982026,terrorist regime Iran sanctions
Q14,1548,2046657389945090386,86,3.841066689641886,terrorist regime Iran sanctions
Q14,35,1838754586217054590,87,3.824493810385656,terrorist regime Iran sanctions
Q14,1080,2043360544913084925,88,3.8145066569959516,terrorist regime Iran sanctions
Q14,14,1714832849294217325,89,3.8109183316361803,terrorist regime Iran sanctions
Q14,2091,2048547452417196087,90,3.8054426030413513,terrorist regime Iran sanctions
Q14,184,1961155559517831648,91,3.8048521383186906,terrorist regime Iran sanctions
Q14,202,2006962091991904333,92,3.781239554100303,terrorist regime Iran sanctions
Q14,224,2017040083283501420,93,3.7800520169540404,terrorist regime Iran sanctions
Q14,2023,2048295197004427482,94,3.7689548442981784,terrorist regime Iran sanctions
Q14,7,1714625914762637814,95,3.7520194707783663,terrorist regime Iran sanctions
Q14,11,1714694821808349462,96,3.7510352473208712,terrorist regime Iran sanctions
Q14,634,2040452738656448835,97,3.7326796281342927,terrorist regime Iran sanctions
Q14,904,2041969877062123648,98,3.7326796281342927,terrorist regime Iran sanctions
Q14,1875,2047752934382014562,99,3.704015386838836,terrorist regime Iran sanctions
Q15,326,2030033507754680461,0,8.836366947634154,imperialist aggression Iran
Q15,457,2035690822985793613,1,8.554928954947053,imperialist aggression Iran
Q15,330,2030329259902808452,2,8.387723271212064,imperialist aggression Iran
Q15,316,2029716665466778008,3,8.307970983575784,imperialist aggression Iran
Q15,2122,2048674569305653487,4,8.164853487875076,imperialist aggression Iran
Q15,300,2028814319601811754,5,7.947413013291587,imperialist aggression Iran
Q15,902,2041959757636845879,6,7.808798992248762,imperialist aggression Iran
Q15,353,2031177690204790988,7,7.696916127732474,imperialist aggression Iran
Q15,366,2031837368852902011,8,7.696916127732474,imperialist aggression Iran
Q15,327,2030090365664121126,9,7.666118808803672,imperialist aggression Iran
Q15,468,2035987819181539426,10,7.640837433526484,imperialist aggression Iran
Q15,756,2041466905806901569,11,7.482500669110445,imperialist aggression Iran
Q15,421,2034420909340274812,12,7.1789232340320055,imperialist aggression Iran
Q15,303,2028843116623519871,13,6.736172983544811,imperialist aggression Iran
Q15,731,2041254339197432164,14,6.736172983544811,imperialist aggression Iran
Q15,538,2038438187677483463,15,6.677480716287645,imperialist aggression Iran
Q15,415,2034334640257859943,16,6.642151362794906,imperialist aggression Iran
Q15,319,2029846824194904295,17,6.563203416424911,imperialist aggression Iran
Q15,301,2028825268551336375,18,6.488381583696809,imperialist aggression Iran
Q15,588,2039722102211621256,19,6.456899668042332,imperialist aggression Iran
Q15,285,2028181352357802241,20,6.423670142187407,imperialist aggression Iran
Q15,317,2029717159853891755,21,6.410949434517712,imperialist aggression Iran
Q15,536,2038397830595797403,22,6.410949434517712,imperialist aggression Iran
Q15,1391,2045216642972430734,23,6.410949434517712,imperialist aggression Iran
Q15,394,2033223267507462375,24,6.3353436355734605,imperialist aggression Iran
Q15,495,2036887888537829525,25,6.216998600778022,imperialist aggression Iran
Q15,376,2032452514520375609,26,6.189358581324255,imperialist aggression Iran
Q15,548,2038676557946904747,27,6.151438881900583,imperialist aggression Iran
Q15,272,2027747977176007017,28,6.0872640348282445,imperialist aggression Iran
Q15,239,2022681222506488265,29,6.04994984408783,imperialist aggression Iran
Q15,431,2034825989407076837,30,6.04994984408783,imperialist aggression Iran
Q15,527,2038225729683697841,31,6.04994984408783,imperialist aggression Iran
Q15,275,2027772720734474741,32,5.982574274066141,imperialist aggression Iran
Q15,288,2028279976378716256,33,5.982574274066141,imperialist aggression Iran
Q15,522,2038072076980936902,34,5.982574274066141,imperialist aggression Iran
Q15,512,2037669735735664735,35,5.962895580147883,imperialist aggression Iran
Q15,592,2039746040421667267,36,5.962895580147883,imperialist aggression Iran
Q15,492,2036829156558659670,37,5.902619787497275,imperialist aggression Iran
Q15,515,2037906784120156459,38,5.8435643105581185,imperialist aggression Iran
Q15,302,2028830100486005088,39,5.789160446634097,imperialist aggression Iran
Q15,545,2038600395610525878,40,5.789160446634097,imperialist aggression Iran
Q15,524,2038136076062122451,41,5.785692151235575,imperialist aggression Iran
Q15,551,2038727513984143424,42,5.785692151235575,imperialist aggression Iran
Q15,309,2029274741144514981,43,5.728967801171194,imperialist aggression Iran
Q15,1400,2045323358410031448,44,5.727438642690542,imperialist aggression Iran
Q15,361,2031457774433919269,45,5.667019063238576,imperialist aggression Iran
Q15,1094,2043441841287139504,46,5.667019063238576,imperialist aggression Iran
Q15,298,2028640658672501100,47,5.607860926427751,imperialist aggression Iran
Q15,321,2029940246251495557,48,5.607860926427751,imperialist aggression Iran
Q15,344,2030676892978643452,49,5.607860926427751,imperialist aggression Iran
Q15,399,2033597398182748469,50,5.607860926427751,imperialist aggression Iran
Q15,406,2034028022253126090,51,5.607860926427751,imperialist aggression Iran
Q15,1159,2044031727975219499,52,5.549925135705309,imperialist aggression Iran
Q15,349,2030967188664783315,53,5.512886413880955,imperialist aggression Iran
Q15,342,2030636631758188773,54,5.493174193650831,imperialist aggression Iran
Q15,534,2038331502967083358,55,5.43757212104392,imperialist aggression Iran
Q15,308,2029094622061097322,56,5.383084380797816,imperialist aggression Iran
Q15,502,2037229517329309703,57,5.383084380797816,imperialist aggression Iran
Q15,351,2031021657121505622,58,5.3296778064210235,imperialist aggression Iran
Q15,363,2031497801784594896,59,5.3296778064210235,imperialist aggression Iran
Q15,389,2033091070943166830,60,5.244212777816987,imperialist aggression Iran
Q15,123,1933807429126345011,61,4.246041082085738,imperialist aggression Iran
Q15,121,1933758872864301561,62,4.077979578158006,imperialist aggression Iran
Q15,2383,2048880447300518362,63,4.054254007973932,imperialist aggression Iran
Q15,1702,2047035267417022961,64,3.7960855040043495,imperialist aggression Iran
Q15,491,2036809066199048429,65,3.742820575738062,imperialist aggression Iran
Q15,587,2039702175493013817,66,3.6033771481805337,imperialist aggression Iran
Q15,1745,2047223224987971874,67,3.6033771481805337,imperialist aggression Iran
Q15,1886,2047784935314858373,68,3.367177360051956,imperialist aggression Iran
Q15,2022,2048289564716909009,69,3.3647857531804783,imperialist aggression Iran
Q15,77,1851879157862387912,70,3.361886649739408,imperialist aggression Iran
Q15,71,1850550295387849065,71,3.295378257996965,imperialist aggression Iran
Q15,1500,2046574157526135069,72,3.295378257996965,imperialist aggression Iran
Q15,385,2032819990835954062,73,3.272663929548142,imperialist aggression Iran
Q15,1985,2048126741944611327,74,3.2678991297923354,imperialist aggression Iran
Q15,386,2032824131473809620,75,3.249355270839872,imperialist aggression Iran
Q15,311,2029336641756635523,76,3.230777116793609,imperialist aggression Iran
Q15,2032,2048324919134744886,77,3.230777116793609,imperialist aggression Iran
Q15,555,2038983137867501990,78,3.1996130643382372,imperialist aggression Iran
Q15,728,2041243143589523807,79,3.1996130643382372,imperialist aggression Iran
Q15,1973,2048107150619132148,80,3.177317923608168,imperialist aggression Iran
Q15,134,1935030218672275634,81,3.1390881758471587,imperialist aggression Iran
Q15,986,2042618286785880561,82,3.129026556566959,imperialist aggression Iran
Q15,2035,2048327663148769449,83,3.091205229134145,imperialist aggression Iran
Q15,374,2032194264177000924,84,3.0808521761911005,imperialist aggression Iran
Q15,1057,2043260208047366309,85,3.0597314935528255,imperialist aggression Iran
Q15,1645,2046942196645974371,86,3.0498758697080017,imperialist aggression Iran
Q15,280,2027821323104489833,87,3.02477581565713,imperialist aggression Iran
Q15,1613,2046844048351076728,88,2.9779108261328027,imperialist aggression Iran
Q15,20,1723793342536798698,89,2.903294568326795,imperialist aggression Iran
Q15,857,2041835756512055497,90,2.903294568326795,imperialist aggression Iran
Q15,1690,2047013016114212975,91,2.903294568326795,imperialist aggression Iran
Q15,1939,2048055809368826278,92,2.7892099364717615,imperialist aggression Iran
Q15,1606,2046808483908247843,93,2.762076069742406,imperialist aggression Iran
Q15,1966,2048093735117000889,94,2.7551819923244865,imperialist aggression Iran
Q15,392,2033191631386538322,95,2.709361884739107,imperialist aggression Iran
Q15,1603,2046780190450466858,96,2.709361884739107,imperialist aggression Iran
Q15,1968,2048099080824619421,97,2.5124197461726725,imperialist aggression Iran
Q15,1996,2048143628321636467,98,2.5124197461726725,imperialist aggression Iran
Q15,2011,2048199320017797482,99,2.5124197461726725,imperialist aggression Iran
Q16,172,1947303047635566950,0,9.951251283134905,Iran nuclear deal collapse
Q16,176,1947430825571815503,1,9.951251283134905,Iran nuclear deal collapse
Q16,182,1960347885553488240,2,9.951251283134905,Iran nuclear deal collapse
Q16,170,1947255045831135434,3,9.710788883170562,Iran nuclear deal collapse
Q16,173,1947307158577741825,4,9.710788883170562,Iran nuclear deal collapse
Q16,171,1947277941596967035,5,9.504301426777582,Iran nuclear deal collapse
Q16,177,1947514900772982860,6,9.366342539454223,Iran nuclear deal collapse
Q16,174,1947386541304680897,7,9.09577440364266,Iran nuclear deal collapse
Q16,289,2028290356165632124,8,9.088613948434894,Iran nuclear deal collapse
Q16,101,1916990912267194461,9,8.967292877218984,Iran nuclear deal collapse
Q16,186,1965640183014912482,10,8.94464210802479,Iran nuclear deal collapse
Q16,192,1980287086055018876,11,8.842390501841704,Iran nuclear deal collapse
Q16,184,1961155559517831648,12,8.77269908171552,Iran nuclear deal collapse
Q16,109,1928647145608958295,13,8.496508280110127,Iran nuclear deal collapse
Q16,108,1928645845064495528,14,8.164518593091081,Iran nuclear deal collapse
Q16,106,1925333777284272443,15,8.056843276051358,Iran nuclear deal collapse
Q16,193,1981352441678565834,16,8.035707639145905,Iran nuclear deal collapse
Q16,1037,2043151203568341378,17,7.895510272236777,Iran nuclear deal collapse
Q16,1258,2044938361391939882,18,7.857402674817216,Iran nuclear deal collapse
Q16,115,1932917276682182946,19,7.702276213522162,Iran nuclear deal collapse
Q16,111,1929531733810053619,20,7.640408252523939,Iran nuclear deal collapse
Q16,1128,2043750046789681532,21,7.615023606327467,Iran nuclear deal collapse
Q16,178,1948789643140296781,22,7.573465259576985,Iran nuclear deal collapse
Q16,256,2027156458081792185,23,7.542419388676864,Iran nuclear deal collapse
Q16,1398,2045311431671947428,24,7.486746058087279,Iran nuclear deal collapse
Q16,202,2006962091991904333,25,7.46451583982742,Iran nuclear deal collapse
Q16,1060,2043271395359277553,26,7.399482264464678,Iran nuclear deal collapse
Q16,1048,2043226856812396742,27,7.379685253800277,Iran nuclear deal collapse
Q16,252,2025857964628722051,28,7.348514988624951,Iran nuclear deal collapse
Q16,190,1974580287397933234,29,7.337671652056621,Iran nuclear deal collapse
Q16,291,2028305948780253626,30,7.304287769016659,Iran nuclear deal collapse
Q16,1051,2043230899060531432,31,7.226752763142142,Iran nuclear deal collapse
Q16,1041,2043166403793223973,32,7.202025590885827,Iran nuclear deal collapse
Q16,1161,2044058106909381087,33,7.195830645919803,Iran nuclear deal collapse
Q16,2382,2048880283013759423,34,7.17216278607753,Iran nuclear deal collapse
Q16,2119,2048668450969518512,35,7.130001151933376,Iran nuclear deal collapse
Q16,104,1922387841704722456,36,7.07656787378096,Iran nuclear deal collapse
Q16,98,1913933359056666637,37,7.069863442304778,Iran nuclear deal collapse
Q16,1044,2043205047258058917,38,7.059442781313262,Iran nuclear deal collapse
Q16,1032,2043142261559738856,39,6.932559101476453,Iran nuclear deal collapse
Q16,136,1935146841613427124,40,6.915826543634022,Iran nuclear deal collapse
Q16,1112,2043678294202356166,41,6.915826543634022,Iran nuclear deal collapse
Q16,99,1915913237545320500,42,6.883587100666972,Iran nuclear deal collapse
Q16,110,1928881620947263690,43,6.841298064733849,Iran nuclear deal collapse
Q16,1484,2046506614560317594,44,6.809464379976439,Iran nuclear deal collapse
Q16,352,2031039937450279267,45,6.794350499322642,Iran nuclear deal collapse
Q16,238,2020573346124140545,46,6.790996724356834,Iran nuclear deal collapse
Q16,1142,2043831598240674091,47,6.768358773836077,Iran nuclear deal collapse
Q16,314,2029596279592845787,48,6.66159617565815,Iran nuclear deal collapse
Q16,183,1960704765941146001,49,6.627048681225054,Iran nuclear deal collapse
Q16,231,2018814290568884626,50,6.627048681225054,Iran nuclear deal collapse
Q16,112,1929552751849087315,51,6.595202429150501,Iran nuclear deal collapse
Q16,175,1947387409080938808,52,6.546632687554903,Iran nuclear deal collapse
Q16,1079,2043352004211142713,53,6.4915184726170745,Iran nuclear deal collapse
Q16,1394,2045268568342765670,54,6.4915184726170745,Iran nuclear deal collapse
Q16,200,1997356033321132401,55,6.4111996862774205,Iran nuclear deal collapse
Q16,102,1917738485068243249,56,6.298307811441395,Iran nuclear deal collapse
Q16,1130,2043755425728999705,57,6.298307811441395,Iran nuclear deal collapse
Q16,113,1930135607814070663,58,6.236434988079204,Iran nuclear deal collapse
Q16,1566,2046681897594675558,59,6.136398449048507,Iran nuclear deal collapse
Q16,234,2019107816707899799,60,6.123698927997612,Iran nuclear deal collapse
Q16,2080,2048496102266028235,61,5.8646421805665945,Iran nuclear deal collapse
Q16,1102,2043569878297346220,62,5.321121433560181,Iran nuclear deal collapse
Q16,2101,2048593172423495858,63,5.288555187434911,Iran nuclear deal collapse
Q16,2099,2048584332672200839,64,5.250012042211211,Iran nuclear deal collapse
Q16,1234,2044798944778277219,65,5.015587715499331,Iran nuclear deal collapse
Q16,2134,2048710293568811134,66,4.949630522655645,Iran nuclear deal collapse
Q16,1994,2048143190763430021,67,4.937144115881283,Iran nuclear deal collapse
Q16,2207,2048864451542090083,68,4.937144115881283,Iran nuclear deal collapse
Q16,1886,2047784935314858373,69,4.90630900269087,Iran nuclear deal collapse
Q16,215,2016487758034796891,70,4.703890950212372,Iran nuclear deal collapse
Q16,216,2016504995714396639,71,4.703890950212372,Iran nuclear deal collapse
Q16,861,2041843172192534726,72,4.697072163203032,Iran nuclear deal collapse
Q16,114,1931126727968776374,73,4.68293179066463,Iran nuclear deal collapse
Q16,2097,2048579506911228026,74,4.652869326378674,Iran nuclear deal collapse
Q16,2100,2048588358390325753,75,4.546127828729543,Iran nuclear deal collapse
Q16,1052,2043231117063627189,76,4.504951899493736,Iran nuclear deal collapse
Q16,92,1874527860947558504,77,4.459352642347328,Iran nuclear deal collapse
Q16,54,1843339738725433694,78,4.415038473492118,Iran nuclear deal collapse
Q16,1165,2044103379907952982,79,4.41466724911794,Iran nuclear deal collapse
Q16,847,2041798397158416450,80,4.186640635931526,Iran nuclear deal collapse
Q16,1552,2046660050840879509,81,3.990221827859237,Iran nuclear deal collapse
Q16,1586,2046721111166189765,82,3.982638103936171,Iran nuclear deal collapse
Q16,2125,2048680298448097668,83,3.982638103936171,Iran nuclear deal collapse
Q16,2355,2048876180523389067,84,3.982638103936171,Iran nuclear deal collapse
Q16,1807,2047403471570194857,85,3.920208843451987,Iran nuclear deal collapse
Q16,1774,2047359682642321451,86,3.8859254054546875,Iran nuclear deal collapse
Q16,1887,2047788374736732232,87,3.8859254054546875,Iran nuclear deal collapse
Q16,2161,2048813809205162051,88,3.8016509416169857,Iran nuclear deal collapse
Q16,2251,2048868520784769210,89,3.766392417537104,Iran nuclear deal collapse
Q16,1018,2043016766616416531,90,3.7082640670952154,Iran nuclear deal collapse
Q16,1246,2044842193660117084,91,3.7082640670952154,Iran nuclear deal collapse
Q16,1530,2046639008391016467,92,3.7082640670952154,Iran nuclear deal collapse
Q16,1533,2046640498916708617,93,3.7082640670952154,Iran nuclear deal collapse
Q16,823,2041652041152377093,94,3.6889090298917657,Iran nuclear deal collapse
Q16,1090,2043409989276954653,95,3.6889090298917657,Iran nuclear deal collapse
Q16,1100,2043504762449199142,96,3.651902685813691,Iran nuclear deal collapse
Q16,1334,2045149004632359126,97,3.651902685813691,Iran nuclear deal collapse
Q16,2283,2048870607580987646,98,3.635286812583561,Iran nuclear deal collapse
Q16,2298,2048871823966970167,99,3.596724042378474,Iran nuclear deal collapse
Q17,67,1849179446999482455,0,9.145515072596446,Iran war escalation 2024
Q17,68,1850018526729281995,1,9.042195875308305,Iran war escalation 2024
Q17,128,1934059444138303581,2,8.560455374267512,Iran war escalation 2024
Q17,63,1848063417531449709,3,8.200335290710994,Iran war escalation 2024
Q17,286,2028252554543485174,4,8.05662443641256,Iran war escalation 2024
Q17,195,1990206036247015562,5,7.862004453520663,Iran war escalation 2024
Q17,100,1916183423061807600,6,7.746206351802567,Iran war escalation 2024
Q17,54,1843339738725433694,7,7.629657152634573,Iran war escalation 2024
Q17,55,1843665749245866065,8,7.428810727407507,Iran war escalation 2024
Q17,57,1843702204722753968,9,7.428810727407507,Iran war escalation 2024
Q17,56,1843666764456206552,10,7.407565450274514,Iran war escalation 2024
Q17,553,2038979295008460834,11,7.204310315646296,Iran war escalation 2024
Q17,283,2028032456973304110,12,7.191431092209615,Iran war escalation 2024
Q17,66,1849118587266433230,13,7.115567644452977,Iran war escalation 2024
Q17,422,2034462966674784401,14,7.041288077100213,Iran war escalation 2024
Q17,44,1841926592878051440,15,7.027891194660912,Iran war escalation 2024
Q17,304,2028901108966740196,16,6.96854330011603,Iran war escalation 2024
Q17,80,1854226698897903725,17,6.950316518856994,Iran war escalation 2024
Q17,206,2012151160262582715,18,6.927668007191775,Iran war escalation 2024
Q17,79,1853171278972403867,19,6.691998479542082,Iran war escalation 2024
Q17,144,1936665024212447271,20,6.610604960180096,Iran war escalation 2024
Q17,362,2031470204241219673,21,6.331199174593922,Iran war escalation 2024
Q17,34,1833874052949131460,22,5.632638397489731,Iran war escalation 2024
Q17,65,1849058189402357765,23,5.619530610404105,Iran war escalation 2024
Q17,1959,2048081276117332259,24,5.287284030696921,Iran war escalation 2024
Q17,323,2029989926641488224,25,5.211101330745185,Iran war escalation 2024
Q17,32,1832320507984687179,26,5.136437743585733,Iran war escalation 2024
Q17,59,1845767534416416962,27,5.136437743585733,Iran war escalation 2024
Q17,60,1846934452703821939,28,5.136437743585733,Iran war escalation 2024
Q17,1608,2046811939049767202,29,4.85801896099444,Iran war escalation 2024
Q17,26,1819366242752381169,30,4.5446491183196125,Iran war escalation 2024
Q17,840,2041727383712264561,31,4.536454604903868,Iran war escalation 2024
Q17,64,1848231605782949908,32,4.4371218847863805,Iran war escalation 2024
Q17,21,1724462743644762434,33,4.425861883790526,Iran war escalation 2024
Q17,1476,2046395413402423788,34,4.418933960306087,Iran war escalation 2024
Q17,1765,2047330426294067381,35,4.39137098706784,Iran war escalation 2024
Q17,487,2036688879537840252,36,4.333260240353817,Iran war escalation 2024
Q17,347,2030821412131467537,37,4.307522441092086,Iran war escalation 2024
Q17,85,1863843754454454470,38,4.278264450489401,Iran war escalation 2024
Q17,27,1820093669862686998,39,4.227933421064563,Iran war escalation 2024
Q17,117,1933377985283043364,40,4.183166944775821,Iran war escalation 2024
Q17,74,1850948295696531613,41,4.130388651521646,Iran war escalation 2024
Q17,62,1847703021439815733,42,4.083342507557438,Iran war escalation 2024
Q17,410,2034211819070373907,43,4.017412832767908,Iran war escalation 2024
Q17,499,2037139379207233737,44,4.017412832767908,Iran war escalation 2024
Q17,2032,2048324919134744886,45,4.017412832767908,Iran war escalation 2024
Q17,706,2041149001895153823,46,3.9938792446714686,Iran war escalation 2024
Q17,1527,2046638112722330047,47,3.9938792446714686,Iran war escalation 2024
Q17,39,1841531089292296320,48,3.9923938100870533,Iran war escalation 2024
Q17,568,2039351946491089264,49,3.9923938100870533,Iran war escalation 2024
Q17,1481,2046473927493308557,50,3.9923938100870533,Iran war escalation 2024
Q17,1421,2045737997681734107,51,3.9645207715800224,Iran war escalation 2024
Q17,1224,2044696673465565200,52,3.9617403976406584,Iran war escalation 2024
Q17,841,2041735336347496673,53,3.948422010240466,Iran war escalation 2024
Q17,185,1963237063429337106,54,3.939438001160467,Iran war escalation 2024
Q17,754,2041452516345548991,55,3.905408259970452,Iran war escalation 2024
Q17,1178,2044297122573328670,56,3.9013858443790577,Iran war escalation 2024
Q17,83,1860663780499140834,57,3.86332158598241,Iran war escalation 2024
Q17,810,2041591403881324710,58,3.822132335883193,Iran war escalation 2024
Q17,933,2042189948728803462,59,3.822132335883193,Iran war escalation 2024
Q17,1133,2043760166303346813,60,3.822132335883193,Iran war escalation 2024
Q17,2124,2048678283605151794,61,3.822132335883193,Iran war escalation 2024
Q17,46,1842067124048523373,62,3.781812108509209,Iran war escalation 2024
Q17,1106,2043611007763751002,63,3.7423336886183525,Iran war escalation 2024
Q17,1148,2043878449467555871,64,3.7423336886183525,Iran war escalation 2024
Q17,1186,2044386854863011983,65,3.7423336886183525,Iran war escalation 2024
Q17,748,2041372755078283307,66,3.7234960087663227,Iran war escalation 2024
Q17,375,2032425171827540359,67,3.7036709856302013,Iran war escalation 2024
Q17,1149,2043878733119987935,68,3.7036709856302013,Iran war escalation 2024
Q17,1783,2047379283614867826,69,3.68916613540085,Iran war escalation 2024
Q17,2160,2048810082461233166,70,3.6851679926183687,Iran war escalation 2024
Q17,61,1847672640099496346,71,3.665798976124682,Iran war escalation 2024
Q17,623,2040358932661903484,72,3.645464433560621,Iran war escalation 2024
Q17,69,1850226636362522883,73,3.6286936498329334,Iran war escalation 2024
Q17,853,2041829487281582417,74,3.6286936498329334,Iran war escalation 2024
Q17,856,2041832794595176517,75,3.6286936498329334,Iran war escalation 2024
Q17,52,1843048588709945741,76,3.613649318575513,Iran war escalation 2024
Q17,1089,2043409883782107416,77,3.613649318575513,Iran war escalation 2024
Q17,1440,2046034994016178678,78,3.5830249797651357,Iran war escalation 2024
Q17,776,2041496128311714193,79,3.582208513497362,Iran war escalation 2024
Q17,1459,2046264921000902853,80,3.5100980714449657,Iran war escalation 2024
Q17,595,2039788666613031122,81,3.493934687048868,Iran war escalation 2024
Q17,1632,2046895941823668649,82,3.4874916720129727,Iran war escalation 2024
Q17,1766,2047336342787395803,83,3.437520817030173,Iran war escalation 2024
Q17,1111,2043676991732306421,84,3.420932939902058,Iran war escalation 2024
Q17,1414,2045632787168821742,85,3.4141297549852005,Iran war escalation 2024
Q17,775,2041495116242997587,86,3.370837191341378,Iran war escalation 2024
Q17,262,2027700084624814585,87,3.2754483247240116,Iran war escalation 2024
Q17,28,1821946440345637171,88,3.2618596019357895,Iran war escalation 2024
Q17,33,1832475167920124109,89,3.2618596019357895,Iran war escalation 2024
Q17,1480,2046453889445105776,90,3.1893865519881253,Iran war escalation 2024
Q17,332,2030368252384120997,91,3.149136621366537,Iran war escalation 2024
Q17,525,2038215181587861885,92,3.149136621366537,Iran war escalation 2024
Q17,1761,2047289858180165796,93,3.134593682977277,Iran war escalation 2024
Q17,734,2041263876818321657,94,3.1210692330801644,Iran war escalation 2024
Q17,1695,2047016333129515011,95,3.1091701256219104,Iran war escalation 2024
Q17,459,2035736886304723059,96,3.0702053665558724,Iran war escalation 2024
Q17,1041,2043166403793223973,97,3.000813579032261,Iran war escalation 2024
Q17,1800,2047396737334309208,98,2.995134094388053,Iran war escalation 2024
Q17,360,2031381940893270303,99,2.9530012880039376,Iran war escalation 2024
Q18,358,2031334743912927462,0,7.412459438137878,IRGC attack response
Q18,383,2032761532430561632,1,7.307755422745396,IRGC attack response
Q18,893,2041926679954591777,2,7.119294776418997,IRGC attack response
Q18,335,2030375243551010841,3,7.106977505945501,IRGC attack response
Q18,331,2030363976924545409,4,7.010669708407214,IRGC attack response
Q18,620,2040322476325105887,5,7.010508201522313,IRGC attack response
Q18,901,2041956744465875143,6,6.98438564734124,IRGC attack response
Q18,925,2042147823853170858,7,6.930092111859555,IRGC attack response
Q18,885,2041914697189114247,8,6.908952871786685,IRGC attack response
Q18,425,2034594264240488752,9,6.834725802517222,IRGC attack response
Q18,884,2041914121105674681,10,6.7621239240778,IRGC attack response
Q18,419,2034405300246376530,11,6.757989812342416,IRGC attack response
Q18,662,2040798455900053610,12,6.71771953047902,IRGC attack response
Q18,385,2032819990835954062,13,6.664120523488351,IRGC attack response
Q18,332,2030368252384120997,14,6.650198084472525,IRGC attack response
Q18,386,2032824131473809620,15,6.611392669186063,IRGC attack response
Q18,224,2017040083283501420,16,6.565798725092347,IRGC attack response
Q18,658,2040766279447965733,17,6.559514303759528,IRGC attack response
Q18,355,2031288704984035444,18,6.541749219807026,IRGC attack response
Q18,1147,2043861543687971037,19,6.483514785950177,IRGC attack response
Q18,889,2041917546543116293,20,6.421682738626931,IRGC attack response
Q18,880,2041912816677089700,21,6.114697209811231,IRGC attack response
Q18,2225,2048866743200911603,22,6.083172430083383,IRGC attack response
Q18,313,2029550245026423186,23,6.056876319238655,IRGC attack response
Q18,589,2039732425329152448,24,6.0300926248346105,IRGC attack response
Q18,892,2041925726098657733,25,6.014771599012562,IRGC attack response
Q18,493,2036866703339237740,26,5.9947012555736805,IRGC attack response
Q18,519,2037953839211450848,27,5.960617040746225,IRGC attack response
Q18,557,2039011036305494390,28,5.960617040746225,IRGC attack response
Q18,558,2039032219029921868,29,5.960617040746225,IRGC attack response
Q18,891,2041923035641344317,30,5.892724144683973,IRGC attack response
Q18,894,2041927343875252281,31,5.889946908961559,IRGC attack response
Q18,709,2041158235873267980,32,5.836377957392936,IRGC attack response
Q18,337,2030378846206218392,33,5.826360464094213,IRGC attack response
Q18,657,2040763381007687865,34,5.783797286948924,IRGC attack response
Q18,882,2041913571701862719,35,5.783797286948924,IRGC attack response
Q18,423,2034571715754254415,36,5.732177274711696,IRGC attack response
Q18,708,2041155185716658621,37,5.732177274711696,IRGC attack response
Q18,881,2041913431679238541,38,5.732177274711696,IRGC attack response
Q18,530,2038271339337834710,39,5.69801863793772,IRGC attack response
Q18,334,2030373201151442981,40,5.635944941131634,IRGC attack response
Q18,529,2038240631630528773,41,5.635944941131634,IRGC attack response
Q18,852,2041828608067465347,42,5.635944941131634,IRGC attack response
Q18,521,2038034120027349085,43,5.575209120043942,IRGC attack response
Q18,2022,2048289564716909009,44,5.537022437794923,IRGC attack response
Q18,408,2034083975275417883,45,5.515768382924325,IRGC attack response
Q18,773,2041493337732010435,46,5.515768382924325,IRGC attack response
Q18,163,1943973206089404589,47,5.4575817436879435,IRGC attack response
Q18,273,2027750686197526574,48,5.4575817436879435,IRGC attack response
Q18,456,2035679634218746200,49,5.4575817436879435,IRGC attack response
Q18,673,2040943476183810500,50,5.4575817436879435,IRGC attack response
Q18,336,2030377594802057380,51,5.400609927668528,IRGC attack response
Q18,556,2038995401953656871,52,5.290161698703362,IRGC attack response
Q18,857,2041835756512055497,53,5.290161698703362,IRGC attack response
Q18,454,2035660781258146249,54,5.236614524609814,IRGC attack response
Q18,490,2036771847937683601,55,5.236614524609814,IRGC attack response
Q18,1973,2048107150619132148,56,5.228529221629394,IRGC attack response
Q18,333,2030371713943245191,57,5.18414050024117,IRGC attack response
Q18,374,2032194264177000924,58,5.18414050024117,IRGC attack response
Q18,509,2037570831987970470,59,5.18414050024117,IRGC attack response
Q18,528,2038237896969200127,60,5.18414050024117,IRGC attack response
Q18,396,2033372810907714017,61,5.132707684847547,IRGC attack response
Q18,2035,2048327663148769449,62,5.086823937413021,IRGC attack response
Q18,414,2034317370953752673,63,5.08228539278722,IRGC attack response
Q18,516,2037911519636136298,64,5.0328441324771855,IRGC attack response
Q18,1645,2046942196645974371,65,5.018813191033123,IRGC attack response
Q18,460,2035754106757808314,66,4.984355548872784,IRGC attack response
Q18,850,2041818137251774834,67,4.936792369240661,IRGC attack response
Q18,1611,2046838074634862888,68,4.888105424308294,IRGC attack response
Q18,759,2041470318363984127,69,4.764033039951005,IRGC attack response
Q18,1583,2046714829558128978,70,4.764033039951005,IRGC attack response
Q18,1741,2047181481328709793,71,4.764033039951005,IRGC attack response
Q18,2228,2048866849765351690,72,4.540112511315542,IRGC attack response
Q18,2368,2048877726161834209,73,4.540112511315542,IRGC attack response
Q18,1513,2046603487971336511,74,4.479763910365182,IRGC attack response
Q18,1980,2048119388390461670,75,4.4768748268874985,IRGC attack response
Q18,62,1847703021439815733,76,4.442994129453432,IRGC attack response
Q18,2357,2048876304083124391,77,4.41537457479103,IRGC attack response
Q18,2109,2048643528688103730,78,4.400095161118696,IRGC attack response
Q18,2155,2048788620723593426,79,4.400095161118696,IRGC attack response
Q18,765,2041475150059827332,80,4.359372901914382,IRGC attack response
Q18,762,2041472013743599651,81,4.337824251203185,IRGC attack response
Q18,2075,2048474625655648713,82,4.278942253049072,IRGC attack response
Q18,2089,2048540094886522951,83,4.278942253049072,IRGC attack response
Q18,912,2042026005116723241,84,4.2346664702846715,IRGC attack response
Q18,1933,2048045834420244623,85,4.227509083933835,IRGC attack response
Q18,890,2041922607675494476,86,4.182253608452664,IRGC attack response
Q18,774,2041494977092735021,87,4.163879400577234,IRGC attack response
Q18,219,2016656806647419384,88,4.134386415113588,IRGC attack response
Q18,1968,2048099080824619421,89,4.134386415113588,IRGC attack response
Q18,1996,2048143628321636467,90,4.134386415113588,IRGC attack response
Q18,2011,2048199320017797482,91,4.134386415113588,IRGC attack response
Q18,2019,2048239657159479783,92,4.089346785530375,IRGC attack response
Q18,1952,2048069425727778910,93,4.079154708132323,IRGC attack response
Q18,867,2041867380536586258,94,4.032520945012417,IRGC attack response
Q18,1965,2048090811339002314,95,4.0021486976969465,IRGC attack response
Q18,1644,2046937378921840676,96,3.959929451659682,IRGC attack response
Q18,1803,2047398030425706733,97,3.9185916609008453,IRGC attack response
Q18,723,2041223624690979184,98,3.878108006015118,IRGC attack response
Q18,1386,2045185668197069263,99,3.878108006015118,IRGC attack response
Q19,14,1714832849294217325,0,10.848607432016696,Iran oil embargo sanctions
Q19,18,1715080374684901696,1,10.279090736681795,Iran oil embargo sanctions
Q19,494,2036879911625846887,2,10.087770928056461,Iran oil embargo sanctions
Q19,15,1714914282863722667,3,10.018981289712364,Iran oil embargo sanctions
Q19,180,1951642959226523825,4,9.90173993289421,Iran oil embargo sanctions
Q19,246,2024204479050973419,5,9.625903991117744,Iran oil embargo sanctions
Q19,461,2035756878462861711,6,9.382163708183992,Iran oil embargo sanctions
Q19,95,1900370580538290195,7,9.23579610768119,Iran oil embargo sanctions
Q19,88,1867254998335136038,8,9.079286111471212,Iran oil embargo sanctions
Q19,188,1972242675052265709,9,8.823852040664118,Iran oil embargo sanctions
Q19,7,1714625914762637814,10,8.800987478776761,Iran oil embargo sanctions
Q19,1250,2044861252694880383,11,8.78227968593377,Iran oil embargo sanctions
Q19,17,1714920505474695241,12,8.744625231707603,Iran oil embargo sanctions
Q19,2,1714596850425069780,13,8.660833532693228,Iran oil embargo sanctions
Q19,5,1714603173564867057,14,8.660833532693228,Iran oil embargo sanctions
Q19,13,1714809595518951714,15,8.660833532693228,Iran oil embargo sanctions
Q19,35,1838754586217054590,16,8.655820786887599,Iran oil embargo sanctions
Q19,429,2034715992686043360,17,8.632663915776913,Iran oil embargo sanctions
Q19,1,1714576992375636079,18,8.577442060867684,Iran oil embargo sanctions
Q19,11,1714694821808349462,19,8.43105923768619,Iran oil embargo sanctions
Q19,6,1714617898910535688,20,8.347014045750443,Iran oil embargo sanctions
Q19,8,1714638175203639580,21,8.271144741404093,Iran oil embargo sanctions
Q19,103,1918037862982840427,22,8.247401033098015,Iran oil embargo sanctions
Q19,4,1714597635330289838,23,8.150137538713906,Iran oil embargo sanctions
Q19,1876,2047754140705870025,24,8.047423082606226,Iran oil embargo sanctions
Q19,1768,2047339584233554419,25,8.034663814700625,Iran oil embargo sanctions
Q19,187,1972204279491342815,26,7.95050673028501,Iran oil embargo sanctions
Q19,12,1714787250653864447,27,7.930739787080279,Iran oil embargo sanctions
Q19,3,1714597120194523345,28,7.85655836906802,Iran oil embargo sanctions
Q19,20,1723793342536798698,29,7.811629475085862,Iran oil embargo sanctions
Q19,16,1714917143060586813,30,7.808135439496269,Iran oil embargo sanctions
Q19,9,1714656469994328436,31,7.581338587247256,Iran oil embargo sanctions
Q19,2086,2048521321806717341,32,7.397672774361562,Iran oil embargo sanctions
Q19,19,1716598602565402807,33,7.375498620865572,Iran oil embargo sanctions
Q19,1249,2044861076169187378,34,7.375498620865572,Iran oil embargo sanctions
Q19,90,1873141907020283912,35,7.368094829199823,Iran oil embargo sanctions
Q19,22,1725565045013135834,36,7.362777116776105,Iran oil embargo sanctions
Q19,201,2002406778579861827,37,7.214263420807903,Iran oil embargo sanctions
Q19,86,1865390070032646220,38,7.066724044924779,Iran oil embargo sanctions
Q19,89,1870715908827615267,39,7.066724044924779,Iran oil embargo sanctions
Q19,91,1873780608737964403,40,7.066724044924779,Iran oil embargo sanctions
Q19,10,1714682731727110312,41,6.995194453911069,Iran oil embargo sanctions
Q19,1767,2047338455915733253,42,6.925098401869643,Iran oil embargo sanctions
Q19,1922,2048006940211458316,43,6.893478515442389,Iran oil embargo sanctions
Q19,53,1843300174158033322,44,6.722993108897296,Iran oil embargo sanctions
Q19,169,1947253828958470628,45,6.631637461455226,Iran oil embargo sanctions
Q19,510,2037596402277052487,46,6.605428947027122,Iran oil embargo sanctions
Q19,245,2024152743003488301,47,6.59468487495667,Iran oil embargo sanctions
Q19,2091,2048547452417196087,48,6.5693053759417115,Iran oil embargo sanctions
Q19,1875,2047752934382014562,49,6.561570416589914,Iran oil embargo sanctions
Q19,93,1890374471963336805,50,6.516810437905134,Iran oil embargo sanctions
Q19,1872,2047748358983274887,51,6.122222380063129,Iran oil embargo sanctions
Q19,1873,2047749293017076115,52,6.064043668526184,Iran oil embargo sanctions
Q19,1904,2047897548220969030,53,6.0608747243592,Iran oil embargo sanctions
Q19,1505,2046581580072734870,54,5.945349983284117,Iran oil embargo sanctions
Q19,1901,2047861698728804837,55,5.891133068816867,Iran oil embargo sanctions
Q19,531,2038291953494733091,56,5.876052348513266,Iran oil embargo sanctions
Q19,202,2006962091991904333,57,5.789556463122004,Iran oil embargo sanctions
Q19,1898,2047840469439156714,58,5.731747215233547,Iran oil embargo sanctions
Q19,1955,2048073597105713274,59,5.529233158176954,Iran oil embargo sanctions
Q19,2017,2048231535334084745,60,5.479680300404606,Iran oil embargo sanctions
Q19,1627,2046882791011623293,61,5.187053985873684,Iran oil embargo sanctions
Q19,1970,2048101836008329461,62,5.074461636652643,Iran oil embargo sanctions
Q19,319,2029846824194904295,63,5.030272766072036,Iran oil embargo sanctions
Q19,1958,2048079872099004687,64,4.953761521801521,Iran oil embargo sanctions
Q19,1897,2047827933784416401,65,4.9015853296119545,Iran oil embargo sanctions
Q19,1871,2047748012819067131,66,4.667161002900075,Iran oil embargo sanctions
Q19,395,2033311843691741646,67,4.615757389120089,Iran oil embargo sanctions
Q19,1550,2046659390871126135,68,4.565407229887988,Iran oil embargo sanctions
Q19,1903,2047870963895980032,69,4.42098821727825,Iran oil embargo sanctions
Q19,1857,2047686485382767077,70,4.374837423910824,Iran oil embargo sanctions
Q19,2139,2048725225781739746,71,4.374837423910824,Iran oil embargo sanctions
Q19,2383,2048880447300518362,72,4.286019896940709,Iran oil embargo sanctions
Q19,233,2018978587957989848,73,4.213346160159123,Iran oil embargo sanctions
Q19,1943,2048057530543444048,74,4.199483424098698,Iran oil embargo sanctions
Q19,2378,2048879243916878223,75,4.076923746458473,Iran oil embargo sanctions
Q19,1545,2046654713081303548,76,4.066244477527494,Iran oil embargo sanctions
Q19,1565,2046677036417069365,77,4.066244477527494,Iran oil embargo sanctions
Q19,380,2032657653063934095,78,4.0417463445219095,Iran oil embargo sanctions
Q19,1920,2047994353142890835,79,3.9564109123278497,Iran oil embargo sanctions
Q19,2242,2048867604736176454,80,3.875287840902005,Iran oil embargo sanctions
Q19,1912,2047938521550278709,81,3.866044213060088,Iran oil embargo sanctions
Q19,1548,2046657389945090386,82,3.841066689641886,Iran oil embargo sanctions
Q19,1915,2047950360002642189,83,3.832216052328625,Iran oil embargo sanctions
Q19,184,1961155559517831648,84,3.8048521383186906,Iran oil embargo sanctions
Q19,2107,2048635321483747526,85,3.696687387630063,Iran oil embargo sanctions
Q19,1885,2047784008742801912,86,3.6949134986477374,Iran oil embargo sanctions
Q19,1612,2046839347761254759,87,3.667007456680879,Iran oil embargo sanctions
Q19,1593,2046758576073703596,88,3.6395197788972746,Iran oil embargo sanctions
Q19,2262,2048869075925729395,89,3.6387405057321405,Iran oil embargo sanctions
Q19,2264,2048869077540569423,90,3.6387405057321405,Iran oil embargo sanctions
Q19,2150,2048760717889962123,91,3.635097271042225,Iran oil embargo sanctions
Q19,211,2014756774889308205,92,3.6345252001527415,Iran oil embargo sanctions
Q19,2003,2048160563805782214,93,3.6055438522373824,Iran oil embargo sanctions
Q19,1290,2045128858123350457,94,3.582582262024066,Iran oil embargo sanctions
Q19,2148,2048754832652251160,95,3.5632487215167203,Iran oil embargo sanctions
Q19,451,2035567751700300249,96,3.5525383406442126,Iran oil embargo sanctions
Q19,2288,2048870920689971362,97,3.5281311007289275,Iran oil embargo sanctions
Q19,178,1948789643140296781,98,3.5080394647733195,Iran oil embargo sanctions
Q19,2372,2048878086918160791,99,3.481680981673092,Iran oil embargo sanctions
Q20,646,2040593304233050263,0,7.73529429486522,Tehran military strikes
Q20,639,2040533762589540715,1,6.981731931396571,Tehran military strikes
Q20,777,2041501357488660837,2,6.9482091708277665,Tehran military strikes
Q20,780,2041511335339479231,3,6.848656660120012,Tehran military strikes
Q20,1734,2047122128923951476,4,6.848656660120012,Tehran military strikes
Q20,647,2040595279238316093,5,6.63268148554549,Tehran military strikes
Q20,638,2040531086841671713,6,6.610841118346942,Tehran military strikes
Q20,1197,2044450917907419240,7,6.610841118346942,Tehran military strikes
Q20,744,2041346581790855227,8,6.532036277042559,Tehran military strikes
Q20,753,2041443847486816287,9,6.464006354342239,Tehran military strikes
Q20,617,2040295153936863488,10,6.2243847375306744,Tehran military strikes
Q20,1075,2043344650547892486,11,6.2243847375306744,Tehran military strikes
Q20,637,2040496607850823692,12,6.066394230267458,Tehran military strikes
Q20,739,2041313272893231499,13,6.025921616741613,Tehran military strikes
Q20,869,2041883475741966582,14,5.962848168650162,Tehran military strikes
Q20,640,2040533948497862916,15,5.843895140809851,Tehran military strikes
Q20,621,2040331802569814470,16,5.773311935474644,Tehran military strikes
Q20,1102,2043569878297346220,17,5.773311935474644,Tehran military strikes
Q20,721,2041214640164614560,18,5.743211580142657,Tehran military strikes
Q20,858,2041838675903049922,19,5.704413405806106,Tehran military strikes
Q20,790,2041525437067616579,20,5.653303564591698,Tehran military strikes
Q20,710,2041168292669264348,21,5.637139948503176,Tehran military strikes
Q20,789,2041524808379486579,22,5.600931272934719,Tehran military strikes
Q20,899,2041952003916755317,23,5.600931272934719,Tehran military strikes
Q20,1077,2043351138955596003,24,5.5890994429277345,Tehran military strikes
Q20,701,2041132548957544958,25,5.571434739154379,Tehran military strikes
Q20,770,2041486234984366509,26,5.571434739154379,Tehran military strikes
Q20,688,2041072180264657242,27,5.5395996832640595,Tehran military strikes
Q20,769,2041481189135958195,28,5.507243572153243,Tehran military strikes
Q20,776,2041496128311714193,29,5.444514711554124,Tehran military strikes
Q20,1096,2043462794306355346,30,5.444514711554124,Tehran military strikes
Q20,707,2041150448975937793,31,5.4432525695917455,Tehran military strikes
Q20,678,2040980194836545944,32,5.383198752005977,Tehran military strikes
Q20,702,2041133081122292164,33,5.323248488978445,Tehran military strikes
Q20,785,2041519273546543181,34,5.323248488978445,Tehran military strikes
Q20,1654,2046957451803541549,35,5.323248488978445,Tehran military strikes
Q20,661,2040782715193016766,36,5.264618797563833,Tehran military strikes
Q20,720,2041202637534572667,37,5.264618797563833,Tehran military strikes
Q20,974,2042453444863410294,38,5.264618797563833,Tehran military strikes
Q20,729,2041244819557937359,39,5.207266519201004,Tehran military strikes
Q20,771,2041491033209409550,40,5.207266519201004,Tehran military strikes
Q20,788,2041523611270304129,41,5.207266519201004,Tehran military strikes
Q20,874,2041900185954218009,42,5.207266519201004,Tehran military strikes
Q20,1215,2044604142044233826,43,5.207266519201004,Tehran military strikes
Q20,1662,2046979438475141552,44,5.207266519201004,Tehran military strikes
Q20,649,2040659115517603957,45,5.151150355723612,Tehran military strikes
Q20,804,2041573135443521855,46,5.151150355723612,Tehran military strikes
Q20,1057,2043260208047366309,47,5.151150355723612,Tehran military strikes
Q20,606,2040100496149446899,48,5.0962307701860246,Tehran military strikes
Q20,1401,2045327027163591065,49,5.0962307701860246,Tehran military strikes
Q20,653,2040712564896833982,50,5.042469893966464,Tehran military strikes
Q20,820,2041647149310476767,51,5.042469893966464,Tehran military strikes
Q20,719,2041201325086539821,52,4.938280619541232,Tehran military strikes
Q20,723,2041223624690979184,53,4.938280619541232,Tehran military strikes
Q20,1117,2043715690901942703,54,4.938280619541232,Tehran military strikes
Q20,763,2041472840558342376,55,4.887784068608439,Tehran military strikes
Q20,782,2041516721580994807,56,4.887784068608439,Tehran military strikes
Q20,784,2041518291491905590,57,4.887784068608439,Tehran military strikes
Q20,897,2041949764795707461,58,4.887784068608439,Tehran military strikes
Q20,930,2042173441814729188,59,4.887784068608439,Tehran military strikes
Q20,1039,2043158953563947223,60,4.887784068608439,Tehran military strikes
Q20,1160,2044045450823573667,61,4.887784068608439,Tehran military strikes
Q20,786,2041519434892779617,62,4.838309772857214,Tehran military strikes
Q20,698,2041128355534143490,63,4.7898270014538955,Tehran military strikes
Q20,824,2041652366227743170,64,4.7898270014538955,Tehran military strikes
Q20,993,2042697416311476688,65,4.7898270014538955,Tehran military strikes
Q20,333,2030371713943245191,66,4.747611239402305,Tehran military strikes
Q20,799,2041563747928690805,67,4.742306243109921,Tehran military strikes
Q20,1118,2043718171299832117,68,4.742306243109921,Tehran military strikes
Q20,1100,2043504762449199142,69,4.722343991189163,Tehran military strikes
Q20,1864,2047701712199188828,70,4.707933154626178,Tehran military strikes
Q20,1732,2047118925725397269,71,4.642357953483353,Tehran military strikes
Q20,795,2041538522633417145,72,4.602506787428343,Tehran military strikes
Q20,1793,2047391298827812867,73,4.397360587905965,Tehran military strikes
Q20,263,2027703768276475958,74,4.216722797861818,Tehran military strikes
Q20,336,2030377594802057380,75,4.180324732440273,Tehran military strikes
Q20,279,2027820381554327728,76,4.17139082263178,Tehran military strikes
Q20,809,2041588628577776123,77,4.17139082263178,Tehran military strikes
Q20,1946,2048062161235087383,78,4.153568626809096,Tehran military strikes
Q20,1015,2042971368480964694,79,4.025577969495961,Tehran military strikes
Q20,1728,2047110870694592930,80,3.977536844009549,Tehran military strikes
Q20,1821,2047431940043575618,81,3.972211858407399,Tehran military strikes
Q20,94,1900249308940906930,82,3.9111720950855418,Tehran military strikes
Q20,460,2035754106757808314,83,3.9108821297981664,Tehran military strikes
Q20,354,2031247080501440648,84,3.8938045939454478,Tehran military strikes
Q20,1805,2047401662768181258,85,3.884814331027557,Tehran military strikes
Q20,909,2041979048478273699,86,3.854544236586193,Tehran military strikes
Q20,1580,2046709223015547209,87,3.840055525232186,Tehran military strikes
Q20,1631,2046895537211986264,88,3.796316347079042,Tehran military strikes
Q20,337,2030378846206218392,89,3.7535623475213806,Tehran military strikes
Q20,1623,2046863862646083947,90,3.7535623475213806,Tehran military strikes
Q20,1576,2046694045410640361,91,3.711760612086609,Tehran military strikes
Q20,1638,2046923886760202449,92,3.711760612086609,Tehran military strikes
Q20,1103,2043570284020568564,93,3.591761127983715,Tehran military strikes
Q20,1575,2046693152476860675,94,3.591761127983715,Tehran military strikes
Q20,1598,2046774612432982138,95,3.591761127983715,Tehran military strikes
Q20,1615,2046848350444544212,96,3.591761127983715,Tehran military strikes
Q20,609,2040105871477235734,97,3.579767885515164,Tehran military strikes
Q20,594,2039776501445398743,98,3.5534671511286806,Tehran military strikes
Q20,282,2027963709419884746,99,3.538993447681486,Tehran military strikes
Q21,982,2042535303131635889,0,9.704657031225402,Iran proxy war Lebanon
Q21,322,2029954636577214526,1,8.964679749041041,Iran proxy war Lebanon
Q21,328,2030155632100417576,2,8.458160705387133,Iran proxy war Lebanon
Q21,388,2032940047394115958,3,8.458160705387133,Iran proxy war Lebanon
Q21,479,2036405397938942313,4,8.43847494528931,Iran proxy war Lebanon
Q21,481,2036427898375053465,5,8.43847494528931,Iran proxy war Lebanon
Q21,906,2041977592774062451,6,8.435165602011866,Iran proxy war Lebanon
Q21,908,2041978313330057220,7,8.361518487825496,Iran proxy war Lebanon
Q21,480,2036405524703346715,8,8.340349859026858,Iran proxy war Lebanon
Q21,474,2036189707474747686,9,8.2257758227321,Iran proxy war Lebanon
Q21,960,2042334597296381955,10,8.155294073659988,Iran proxy war Lebanon
Q21,1255,2044906697354002673,11,7.650383597561836,Iran proxy war Lebanon
Q21,973,2042438410045177994,12,7.504257427988644,Iran proxy war Lebanon
Q21,904,2041969877062123648,13,7.5041660295081885,Iran proxy war Lebanon
Q21,506,2037289580177526892,14,7.411286266714823,Iran proxy war Lebanon
Q21,1227,2044738613666087392,15,7.307211014230932,Iran proxy war Lebanon
Q21,501,2037183970614337548,16,7.1861954323302015,Iran proxy war Lebanon
Q21,466,2035934562728001594,17,7.098708273296399,Iran proxy war Lebanon
Q21,482,2036429036164190434,18,6.899591603447842,Iran proxy war Lebanon
Q21,985,2042607943481499773,19,6.899591603447842,Iran proxy war Lebanon
Q21,1107,2043658347577032753,20,6.899591603447842,Iran proxy war Lebanon
Q21,934,2042216066529857781,21,6.838707868562318,Iran proxy war Lebanon
Q21,537,2038431100075221390,22,6.820371636018347,Iran proxy war Lebanon
Q21,539,2038443521703559673,23,6.820371636018347,Iran proxy war Lebanon
Q21,540,2038494375735337340,24,6.778916622712049,Iran proxy war Lebanon
Q21,1399,2045320721593774373,25,6.778916622712049,Iran proxy war Lebanon
Q21,868,2041870525983813775,26,6.776293260801395,Iran proxy war Lebanon
Q21,552,2038954882585985492,27,6.74356081751694,Iran proxy war Lebanon
Q21,1837,2047576197568037227,28,6.671990982191165,Iran proxy war Lebanon
Q21,382,2032727410039267788,29,6.595015097517097,Iran proxy war Lebanon
Q21,1028,2043088415038599426,30,6.595015097517097,Iran proxy war Lebanon
Q21,410,2034211819070373907,31,6.552328745454245,Iran proxy war Lebanon
Q21,1162,2044062496042942628,32,6.552328745454245,Iran proxy war Lebanon
Q21,1204,2044486351853084681,33,6.552328745454245,Iran proxy war Lebanon
Q21,508,2037510244918493624,34,6.495342424079347,Iran proxy war Lebanon
Q21,746,2041354667016278048,35,6.452872595694499,Iran proxy war Lebanon
Q21,984,2042591315905429670,36,6.39969889436526,Iran proxy war Lebanon
Q21,442,2035346186144481521,37,6.384074547878127,Iran proxy war Lebanon
Q21,933,2042189948728803462,38,6.384074547878127,Iran proxy war Lebanon
Q21,1133,2043760166303346813,39,6.384074547878127,Iran proxy war Lebanon
Q21,1325,2045144543734177855,40,6.384074547878127,Iran proxy war Lebanon
Q21,411,2034260649270734941,41,6.372517252196236,Iran proxy war Lebanon
Q21,372,2032120134286934312,42,6.296760631537107,Iran proxy war Lebanon
Q21,740,2041314631642419329,43,6.2507875582635055,Iran proxy war Lebanon
Q21,1019,2043029084507176989,44,6.2507875582635055,Iran proxy war Lebanon
Q21,2041,2048365485935165595,45,6.237994239732519,Iran proxy war Lebanon
Q21,990,2042660364891099527,46,6.235984088177026,Iran proxy war Lebanon
Q21,375,2032425171827540359,47,6.186209580211419,Iran proxy war Lebanon
Q21,895,2041930312112836668,48,6.136268929730929,Iran proxy war Lebanon
Q21,359,2031365049789333585,49,6.122952290637402,Iran proxy war Lebanon
Q21,1024,2043062728332296278,50,6.122952290637402,Iran proxy war Lebanon
Q21,1086,2043382889174213034,51,6.122952290637402,Iran proxy war Lebanon
Q21,1402,2045341687690531108,52,6.122952290637402,Iran proxy war Lebanon
Q21,600,2039885709721366821,53,6.117917451740664,Iran proxy war Lebanon
Q21,1431,2045926300515267064,54,6.060975585397255,Iran proxy war Lebanon
Q21,1744,2047213835048653278,55,6.060975585397255,Iran proxy war Lebanon
Q21,797,2041562509610532941,56,6.000240967817285,Iran proxy war Lebanon
Q21,965,2042354266686570611,57,5.940711468954234,Iran proxy war Lebanon
Q21,323,2029989926641488224,58,5.818539781514906,Iran proxy war Lebanon
Q21,1699,2047025553312768269,59,5.52747133302676,Iran proxy war Lebanon
Q21,902,2041959757636845879,60,5.3467892418014635,Iran proxy war Lebanon
Q21,1604,2046804597898129804,61,5.2469142728890255,Iran proxy war Lebanon
Q21,68,1850018526729281995,62,5.246304342777158,Iran proxy war Lebanon
Q21,206,2012151160262582715,63,5.182193976503577,Iran proxy war Lebanon
Q21,560,2039058207369281949,64,5.084331648322506,Iran proxy war Lebanon
Q21,31,1828160102756450657,65,5.013523886900133,Iran proxy war Lebanon
Q21,1434,2045948971156120011,66,4.893769821807605,Iran proxy war Lebanon
Q21,1435,2045951153452564954,67,4.720629767745613,Iran proxy war Lebanon
Q21,1051,2043230899060531432,68,4.643430732571115,Iran proxy war Lebanon
Q21,1690,2047013016114212975,69,4.599896400718669,Iran proxy war Lebanon
Q21,2296,2048871764030115992,70,4.476593581096072,Iran proxy war Lebanon
Q21,1301,2045132280587239729,71,4.451288549084159,Iran proxy war Lebanon
Q21,27,1820093669862686998,72,4.447369440182614,Iran proxy war Lebanon
Q21,1397,2045310284508860891,73,4.445829382337223,Iran proxy war Lebanon
Q21,1053,2043246584914387344,74,4.4426817597493695,Iran proxy war Lebanon
Q21,2174,2048830495220264989,75,4.407412203357794,Iran proxy war Lebanon
Q21,1568,2046682606838657098,76,4.360646988310528,Iran proxy war Lebanon
Q21,83,1860663780499140834,77,4.31365442928538,Iran proxy war Lebanon
Q21,1119,2043718278019793219,78,4.242135221309335,Iran proxy war Lebanon
Q21,1884,2047780910364582115,79,4.242135221309335,Iran proxy war Lebanon
Q21,2063,2048438974138704072,80,4.206951458469037,Iran proxy war Lebanon
Q21,2052,2048393588804034593,81,4.19918549260498,Iran proxy war Lebanon
Q21,1916,2047953634575679565,82,4.135393959888745,Iran proxy war Lebanon
Q21,2073,2048468471835394514,83,4.135393959888745,Iran proxy war Lebanon
Q21,1481,2046473927493308557,84,4.09634872130872,Iran proxy war Lebanon
Q21,61,1847672640099496346,85,4.093107352907288,Iran proxy war Lebanon
Q21,286,2028252554543485174,86,4.063015839682535,Iran proxy war Lebanon
Q21,1456,2046251972395712960,87,4.051676798513567,Iran proxy war Lebanon
Q21,2043,2048366003617173659,88,4.011076562223516,Iran proxy war Lebanon
Q21,46,1842067124048523373,89,3.8802838426862856,Iran proxy war Lebanon
Q21,1275,2045123605529543017,90,3.865370823952375,Iran proxy war Lebanon
Q21,886,2041915703469453377,91,3.800108062436774,Iran proxy war Lebanon
Q21,2271,2048869841075909062,92,3.7591930254172765,Iran proxy war Lebanon
Q21,1564,2046675604008063345,93,3.6965481696077407,Iran proxy war Lebanon
Q21,1298,2045131607586025513,94,3.665699881454252,Iran proxy war Lebanon
Q21,1659,2046970460441870619,95,3.649301766625899,Iran proxy war Lebanon
Q21,869,2041883475741966582,96,3.6360074345392404,Iran proxy war Lebanon
Q21,1723,2047105066096807967,97,3.6256094892884496,Iran proxy war Lebanon
Q21,1245,2044828627209277698,98,3.6226473371336807,Iran proxy war Lebanon
Q21,473,2036167688419156408,99,3.594896332761946,Iran proxy war Lebanon
Q22,636,2040494278619886048,0,8.469067966476583,Iran ballistic missiles attack
Q22,635,2040483764032377271,1,8.342274909556787,Iran ballistic missiles attack
Q22,768,2041478712865013800,2,7.9470495580849825,Iran ballistic missiles attack
Q22,563,2039214038954180796,3,7.865972795147062,Iran ballistic missiles attack
Q22,571,2039358879042097357,4,7.761291347114548,Iran ballistic missiles attack
Q22,404,2033996701229584686,5,7.755286065641744,Iran ballistic missiles attack
Q22,585,2039684763058098607,6,7.590218345828234,Iran ballistic missiles attack
Q22,412,2034285143792267609,7,7.440220684711807,Iran ballistic missiles attack
Q22,705,2041148265505214890,8,7.39318072054477,Iran ballistic missiles attack
Q22,641,2040541442041622932,9,7.3516943378846005,Iran ballistic missiles attack
Q22,642,2040544440499237123,10,7.3516943378846005,Iran ballistic missiles attack
Q22,762,2041472013743599651,11,7.318819367301222,Iran ballistic missiles attack
Q22,2109,2048643528688103730,12,7.255962188472731,Iran ballistic missiles attack
Q22,2155,2048788620723593426,13,7.255962188472731,Iran ballistic missiles attack
Q22,2016,2048228838275256482,14,7.220369506511476,Iran ballistic missiles attack
Q22,1698,2047024232756859198,15,7.2029624482718475,Iran ballistic missiles attack
Q22,766,2041475661735350412,16,7.071787656341494,Iran ballistic missiles attack
Q22,883,2041913867266109898,17,7.071787656341494,Iran ballistic missiles attack
Q22,695,2041122035770773576,18,7.054790426196353,Iran ballistic missiles attack
Q22,2115,2048654643081744797,19,7.051405231291615,Iran ballistic missiles attack
Q22,765,2041475150059827332,20,7.036205672053691,Iran ballistic missiles attack
Q22,573,2039380919153229911,21,6.983162559913097,Iran ballistic missiles attack
Q22,2210,2048864921954213989,22,6.983162559913097,Iran ballistic missiles attack
Q22,830,2041672167176229083,23,6.983030358380023,Iran ballistic missiles attack
Q22,738,2041302747010470103,24,6.9127552565572215,Iran ballistic missiles attack
Q22,713,2041187245726797905,25,6.903172946399383,Iran ballistic missiles attack
Q22,2075,2048474625655648713,26,6.903172946399383,Iran ballistic missiles attack
Q22,2089,2048540094886522951,27,6.903172946399383,Iran ballistic missiles attack
Q22,1552,2046660050840879509,28,6.896731305652223,Iran ballistic missiles attack
Q22,633,2040420228157321695,29,6.887960549573743,Iran ballistic missiles attack
Q22,741,2041324864020050430,30,6.8124134293051215,Iran ballistic missiles attack
Q22,576,2039469364240388275,31,6.8032944125132415,Iran ballistic missiles attack
Q22,1115,2043690839860531329,32,6.775223185469169,Iran ballistic missiles attack
Q22,918,2042090753170514277,33,6.773477701500452,Iran ballistic missiles attack
Q22,849,2041816019128217725,34,6.747938135509523,Iran ballistic missiles attack
Q22,774,2041494977092735021,35,6.713061966873097,Iran ballistic missiles attack
Q22,767,2041476728434897342,36,6.668135945585897,Iran ballistic missiles attack
Q22,605,2040034578681741478,37,6.64981515849655,Iran ballistic missiles attack
Q22,630,2040402974246081005,38,6.64981515849655,Iran ballistic missiles attack
Q22,1774,2047359682642321451,39,6.64981515849655,Iran ballistic missiles attack
Q22,1887,2047788374736732232,40,6.64981515849655,Iran ballistic missiles attack
Q22,582,2039634098671509987,41,6.59219451806077,Iran ballistic missiles attack
Q22,589,2039732425329152448,42,6.494797720181637,Iran ballistic missiles attack
Q22,1121,2043723917039435944,43,6.477461242614398,Iran ballistic missiles attack
Q22,829,2041670624397963516,44,6.45872712445746,Iran ballistic missiles attack
Q22,1907,2047925825534632298,45,6.441218766102437,Iran ballistic missiles attack
Q22,609,2040105871477235734,46,6.411750053310562,Iran ballistic missiles attack
Q22,526,2038215691078402247,47,6.398805998632344,Iran ballistic missiles attack
Q22,814,2041606217706221707,48,6.398805998632344,Iran ballistic missiles attack
Q22,591,2039743375180505297,49,6.340012993368212,Iran ballistic missiles attack
Q22,541,2038547285374570897,50,6.2837111881729,Iran ballistic missiles attack
Q22,1234,2044798944778277219,51,6.20547915731757,Iran ballistic missiles attack
Q22,1975,2048108675676418496,52,6.20547915731757,Iran ballistic missiles attack
Q22,2056,2048406169442562407,53,6.125110732336056,Iran ballistic missiles attack
Q22,584,2039668667571437732,54,6.073154291960207,Iran ballistic missiles attack
Q22,334,2030373201151442981,55,6.070275306216367,Iran ballistic missiles attack
Q22,569,2039353168199368721,56,6.070275306216367,Iran ballistic missiles attack
Q22,831,2041676779383935025,57,6.070275306216367,Iran ballistic missiles attack
Q22,440,2035174062436065533,58,6.062449068633981,Iran ballistic missiles attack
Q22,417,2034355747816095980,59,6.037335183332594,Iran ballistic missiles attack
Q22,500,2037145041563521032,60,6.03607573145511,Iran ballistic missiles attack
Q22,549,2038677806197162068,61,6.004858919292373,Iran ballistic missiles attack
Q22,1666,2046987177163141338,62,5.9924769495106744,Iran ballistic missiles attack
Q22,1667,2046988203165401106,63,5.9924769495106744,Iran ballistic missiles attack
Q22,1909,2047932675181236629,64,5.989716454476845,Iran ballistic missiles attack
Q22,525,2038215181587861885,65,5.9513501677067175,Iran ballistic missiles attack
Q22,896,2041937530589688140,66,5.933638114688804,Iran ballistic missiles attack
Q22,559,2039051392321495458,67,5.878166667063686,Iran ballistic missiles attack
Q22,603,2040011627156631615,68,5.878166667063686,Iran ballistic missiles attack
Q22,903,2041966093787611335,69,5.878166667063686,Iran ballistic missiles attack
Q22,1549,2046658101491720642,70,5.878166667063686,Iran ballistic missiles attack
Q22,336,2030377594802057380,71,5.876101165104784,Iran ballistic missiles attack
Q22,750,2041396877162164646,72,5.875955801699131,Iran ballistic missiles attack
Q22,567,2039331052578340908,73,5.8221992498295325,Iran ballistic missiles attack
Q22,528,2038237896969200127,74,5.819395975607735,Iran ballistic missiles attack
Q22,547,2038655800332218680,75,5.816804355766245,Iran ballistic missiles attack
Q22,863,2041854654951084442,76,5.816804355766245,Iran ballistic missiles attack
Q22,915,2042074367233028373,77,5.7639259316416505,Iran ballistic missiles attack
Q22,535,2038374231348539550,78,5.756709933980408,Iran ballistic missiles attack
Q22,694,2041116712276279792,79,5.756709933980408,Iran ballistic missiles attack
Q22,926,2042153147976519905,80,5.756709933980408,Iran ballistic missiles attack
Q22,2073,2048468471835394514,81,5.756709933980408,Iran ballistic missiles attack
Q22,1132,2043759384774283644,82,5.709514230566159,Iran ballistic missiles attack
Q22,690,2041080469106966918,83,5.696430457466773,Iran ballistic missiles attack
Q22,742,2041326758536839565,84,5.64017075555928,Iran ballistic missiles attack
Q22,865,2041859245637824817,85,5.64017075555928,Iran ballistic missiles attack
Q22,608,2040105861142516052,86,5.583652855247994,Iran ballistic missiles attack
Q22,520,2037998909721813233,87,5.547942969639691,Iran ballistic missiles attack
Q22,871,2041887102116217327,88,5.522728262505396,Iran ballistic missiles attack
Q22,496,2037052767236186441,89,5.478613409928535,Iran ballistic missiles attack
Q22,1930,2048034310981132781,90,5.368471608888685,Iran ballistic missiles attack
Q22,2036,2048333453813514453,91,5.3377649065095945,Iran ballistic missiles attack
Q22,577,2039510695180468416,92,5.3351263359470185,Iran ballistic missiles attack
Q22,1179,2044297895977902195,93,5.203976972668761,Iran ballistic missiles attack
Q22,2250,2048868436340879402,94,5.203976972668761,Iran ballistic missiles attack
Q22,1957,2048076109174993201,95,5.139566864349863,Iran ballistic missiles attack
Q22,736,2041287377302467039,96,5.084461799856306,Iran ballistic missiles attack
Q22,1561,2046670734114849084,97,5.0767316828500775,Iran ballistic missiles attack
Q22,689,2041078469769998776,98,5.000898874090401,Iran ballistic missiles attack
Q22,691,2041087535917449714,99,5.000898874090401,Iran ballistic missiles attack
Q23,1437,2045956323632693676,0,6.447123691785206,Iran ceasefire negotiations
Q23,2137,2048721706743669230,1,5.874240732324962,Iran ceasefire negotiations
Q23,1228,2044741848917283064,2,5.866734122374053,Iran ceasefire negotiations
Q23,1626,2046881437895250009,3,5.8476021049688764,Iran ceasefire negotiations
Q23,1647,2046950778812715373,4,5.628230943661635,Iran ceasefire negotiations
Q23,1439,2046024977762365620,5,5.576884361494684,Iran ceasefire negotiations
Q23,1199,2044461248205455540,6,5.574377369914831,Iran ceasefire negotiations
Q23,1570,2046688711253901514,7,5.573698062351994,Iran ceasefire negotiations
Q23,1226,2044731201760420304,8,5.485295353918889,Iran ceasefire negotiations
Q23,1926,2048021813545009407,9,5.479717863899703,Iran ceasefire negotiations
Q23,1490,2046552203351970278,10,5.427582438440006,Iran ceasefire negotiations
Q23,1687,2047004991492133322,11,5.412401978037739,Iran ceasefire negotiations
Q23,1503,2046578604704936111,12,5.307331314345552,Iran ceasefire negotiations
Q23,1526,2046633574514753778,13,5.271084374450522,Iran ceasefire negotiations
Q23,1597,2046774529632940333,14,5.244631502697453,Iran ceasefire negotiations
Q23,1929,2048032806429688104,15,5.2403629258761395,Iran ceasefire negotiations
Q23,2111,2048647654062587909,16,5.214221968943342,Iran ceasefire negotiations
Q23,1454,2046247477058080951,17,5.18154871467053,Iran ceasefire negotiations
Q23,1467,2046345176168219090,18,5.13615986533123,Iran ceasefire negotiations
Q23,1621,2046859890430202002,19,5.077755119995235,Iran ceasefire negotiations
Q23,1592,2046747314031820893,20,5.0330563910456565,Iran ceasefire negotiations
Q23,1254,2044876907078906224,21,5.016425437713008,Iran ceasefire negotiations
Q23,1248,2044846530549428630,22,5.008864487167187,Iran ceasefire negotiations
Q23,993,2042697416311476688,23,4.962511145530839,Iran ceasefire negotiations
Q23,1411,2045530191422705969,24,4.962511145530839,Iran ceasefire negotiations
Q23,1919,2047986974703681741,25,4.956559568570105,Iran ceasefire negotiations
Q23,1711,2047058893881356585,26,4.839998169480486,Iran ceasefire negotiations
Q23,1432,2045927296888959349,27,4.836557338699931,Iran ceasefire negotiations
Q23,1716,2047071127797719490,28,4.800530243584477,Iran ceasefire negotiations
Q23,1044,2043205047258058917,29,4.743881863250081,Iran ceasefire negotiations
Q23,1410,2045525450336743542,30,4.743881863250081,Iran ceasefire negotiations
Q23,2138,2048722989122801714,31,4.743353409380687,Iran ceasefire negotiations
Q23,1240,2044809407603642523,32,4.711099621595065,Iran ceasefire negotiations
Q23,1447,2046191984184832160,33,4.677456450931847,Iran ceasefire negotiations
Q23,1564,2046675604008063345,34,4.677456450931847,Iran ceasefire negotiations
Q23,1660,2046973222604997045,35,4.677456450931847,Iran ceasefire negotiations
Q23,1504,2046580238910366083,36,4.663567172577549,Iran ceasefire negotiations
Q23,1420,2045718208187908517,37,4.654830034572117,Iran ceasefire negotiations
Q23,1481,2046473927493308557,38,4.62536572245397,Iran ceasefire negotiations
Q23,1589,2046740954057515379,39,4.62536572245397,Iran ceasefire negotiations
Q23,1619,2046858753815839117,40,4.62536572245397,Iran ceasefire negotiations
Q23,1653,2046956424509435961,41,4.62536572245397,Iran ceasefire negotiations
Q23,1962,2048084517546573943,42,4.615184054505546,Iran ceasefire negotiations
Q23,1423,2045844170506391722,43,4.526634509838826,Iran ceasefire negotiations
Q23,1427,2045880418763776328,44,4.524589095448489,Iran ceasefire negotiations
Q23,1553,2046661093188374915,45,4.524589095448489,Iran ceasefire negotiations
Q23,1758,2047277089104023733,46,4.524589095448489,Iran ceasefire negotiations
Q23,1039,2043158953563947223,47,4.482784695106547,Iran ceasefire negotiations
Q23,1458,2046263051519729997,48,4.475829812547953,Iran ceasefire negotiations
Q23,1198,2044460430035136649,49,4.439787963591941,Iran ceasefire negotiations
Q23,1650,2046953560840065213,50,4.4073646354279825,Iran ceasefire negotiations
Q23,1245,2044828627209277698,51,4.397619402272877,Iran ceasefire negotiations
Q23,1700,2047031433919664171,52,4.397619402272877,Iran ceasefire negotiations
Q23,1442,2046142144964935870,53,4.335659954583143,Iran ceasefire negotiations
Q23,1443,2046143103963181135,54,4.335659954583143,Iran ceasefire negotiations
Q23,1763,2047321454153179519,55,4.335659954583143,Iran ceasefire negotiations
Q23,1428,2045886568196714837,56,4.29086749430856,Iran ceasefire negotiations
Q23,1594,2046763792269287882,57,4.29086749430856,Iran ceasefire negotiations
Q23,1200,2044474423751668123,58,4.246991087586183,Iran ceasefire negotiations
Q23,1690,2047013016114212975,59,4.246991087586183,Iran ceasefire negotiations
Q23,2077,2048488342615134687,60,4.246991087586183,Iran ceasefire negotiations
Q23,2129,2048694978168381700,61,4.246991087586183,Iran ceasefire negotiations
Q23,1448,2046229261611122811,62,4.20400291745209,Iran ceasefire negotiations
Q23,1867,2047728659797025041,63,4.20400291745209,Iran ceasefire negotiations
Q23,1247,2044846055137722403,64,4.160720786149334,Iran ceasefire negotiations
Q23,1441,2046133012866211856,65,4.080106052907077,Iran ceasefire negotiations
Q23,1523,2046623882052857928,66,4.04041414860343,Iran ceasefire negotiations
Q23,352,2031039937450279267,67,4.006751455293926,Iran ceasefire negotiations
Q23,1453,2046238463620501525,68,3.963302898391089,Iran ceasefire negotiations
Q23,1639,2046926409487036473,69,3.963302898391089,Iran ceasefire negotiations
Q23,1269,2045105328644125078,70,3.9597115770346,Iran ceasefire negotiations
Q23,1634,2046913706605637897,71,3.948318929254708,Iran ceasefire negotiations
Q23,1640,2046927061369938353,72,3.9165748392507176,Iran ceasefire negotiations
Q23,2359,2048876550494580877,73,3.8743678285013323,Iran ceasefire negotiations
Q23,2251,2048868520784769210,74,3.846152624073781,Iran ceasefire negotiations
Q23,2203,2048863802750374390,75,3.8330608076093817,Iran ceasefire negotiations
Q23,943,2042291786794590513,76,3.7530339952304668,Iran ceasefire negotiations
Q23,1344,2045154367410413800,77,3.689070516574365,Iran ceasefire negotiations
Q23,918,2042090753170514277,78,3.6647071978638346,Iran ceasefire negotiations
Q23,1586,2046721111166189765,79,3.595562872846423,Iran ceasefire negotiations
Q23,1530,2046639008391016467,80,3.4845791433043294,Iran ceasefire negotiations
Q23,1533,2046640498916708617,81,3.4845791433043294,Iran ceasefire negotiations
Q23,101,1916990912267194461,82,3.4658532931437356,Iran ceasefire negotiations
Q23,114,1931126727968776374,83,3.443184974842338,Iran ceasefire negotiations
Q23,1275,2045123605529543017,84,3.431617517554935,Iran ceasefire negotiations
Q23,1034,2043146371935658090,85,3.4175786003295228,Iran ceasefire negotiations
Q23,470,2036081126448517350,86,3.3802417018273245,Iran ceasefire negotiations
Q23,231,2018814290568884626,87,3.3618502324263124,Iran ceasefire negotiations
Q23,96,1906340705770864714,88,3.3356045809384476,Iran ceasefire negotiations
Q23,1277,2045125827872923672,89,3.3348905462881886,Iran ceasefire negotiations
Q23,823,2041652041152377093,90,3.3303815217550894,Iran ceasefire negotiations
Q23,1070,2043310763645759977,91,3.3249542835545327,Iran ceasefire negotiations
Q23,1282,2045127314644586980,92,3.3111975425716595,Iran ceasefire negotiations
Q23,1272,2045122588888683007,93,3.310442188307063,Iran ceasefire negotiations
Q23,1614,2046847585282101533,94,3.2843493818914546,Iran ceasefire negotiations
Q23,1510,2046593277139234968,95,3.283094004510313,Iran ceasefire negotiations
Q23,2096,2048573900209246443,96,3.2804997033909857,Iran ceasefire negotiations
Q23,1298,2045131607586025513,97,3.278969462723632,Iran ceasefire negotiations
Q23,2174,2048830495220264989,98,3.239720220502248,Iran ceasefire negotiations
Q23,1109,2043673371095765094,99,3.229329368317466,Iran ceasefire negotiations
Q24,269,2027735076533153826,0,12.021949682978747,ayatollah Khamenei war speech
Q24,270,2027738419506385392,1,11.677453642310397,ayatollah Khamenei war speech
Q24,271,2027738735824044501,2,11.677453642310397,ayatollah Khamenei war speech
Q24,445,2035459700234596612,3,11.35215107480131,ayatollah Khamenei war speech
Q24,143,1936600833225076779,4,11.044481417363569,ayatollah Khamenei war speech
Q24,268,2027734590459105538,5,10.896816895489867,ayatollah Khamenei war speech
Q24,257,2027664141880860894,6,10.324257694229356,ayatollah Khamenei war speech
Q24,371,2032114436945645765,7,9.996854811386374,ayatollah Khamenei war speech
Q24,447,2035481320319848868,8,9.972615356803818,ayatollah Khamenei war speech
Q24,452,2035587648945799381,9,9.972615356803818,ayatollah Khamenei war speech
Q24,137,1935291629721764126,10,9.895981919601343,ayatollah Khamenei war speech
Q24,448,2035533742094323760,11,9.758373842747126,ayatollah Khamenei war speech
Q24,360,2031381940893270303,12,9.705998722098354,ayatollah Khamenei war speech
Q24,97,1906744935316955145,13,9.654723958331392,ayatollah Khamenei war speech
Q24,458,2035736639469658513,14,9.654723958331392,ayatollah Khamenei war speech
Q24,449,2035549636195442864,15,9.637820201749237,ayatollah Khamenei war speech
Q24,444,2035455992243052795,16,9.453994693559139,ayatollah Khamenei war speech
Q24,155,1938286876441370951,17,9.42134640399071,ayatollah Khamenei war speech
Q24,161,1938704128680607904,18,9.283290330389573,ayatollah Khamenei war speech
Q24,158,1938659565685379157,19,9.178742196253044,ayatollah Khamenei war speech
Q24,159,1938661088037327319,20,9.178742196253044,ayatollah Khamenei war speech
Q24,198,1994119709793624398,21,9.178742196253044,ayatollah Khamenei war speech
Q24,199,1994192010425594367,22,9.178742196253044,ayatollah Khamenei war speech
Q24,165,1945475908564865431,23,9.168306418002652,ayatollah Khamenei war speech
Q24,166,1945480500862455979,24,9.168306418002652,ayatollah Khamenei war speech
Q24,167,1945496721301090755,25,9.168306418002652,ayatollah Khamenei war speech
Q24,154,1938209610135179589,26,9.073882990089341,ayatollah Khamenei war speech
Q24,179,1950134917829890547,27,8.991069810725438,ayatollah Khamenei war speech
Q24,196,1994101846567231576,28,8.987389100179389,ayatollah Khamenei war speech
Q24,197,1994105793843458475,29,8.987389100179389,ayatollah Khamenei war speech
Q24,48,1842173797828370590,30,8.775857514466765,ayatollah Khamenei war speech
Q24,373,2032162209023856804,31,8.576522229831129,ayatollah Khamenei war speech
Q24,49,1842213594169008482,32,8.508022552686443,ayatollah Khamenei war speech
Q24,138,1935292405785518424,33,8.508022552686443,ayatollah Khamenei war speech
Q24,149,1937168786735652998,34,8.508022552686443,ayatollah Khamenei war speech
Q24,504,2037253587273752638,35,8.48562677009497,ayatollah Khamenei war speech
Q24,505,2037285517969227992,36,8.48562677009497,ayatollah Khamenei war speech
Q24,243,2023808410979103086,37,8.382262142915573,ayatollah Khamenei war speech
Q24,116,1933071081385976206,38,8.273087541113311,ayatollah Khamenei war speech
Q24,107,1928009591964545390,39,8.23983650954968,ayatollah Khamenei war speech
Q24,160,1938685882661511483,40,8.181511543369187,ayatollah Khamenei war speech
Q24,157,1938574104220549315,41,8.167000557914426,ayatollah Khamenei war speech
Q24,162,1939039585042084105,42,8.085974236965892,ayatollah Khamenei war speech
Q24,47,1842154662150934774,43,8.048845835609724,ayatollah Khamenei war speech
Q24,0,1652617266230337536,44,7.852262982956223,ayatollah Khamenei war speech
Q24,228,2018016299041902659,45,7.852262982956223,ayatollah Khamenei war speech
Q24,305,2028901311350227130,46,7.8182014230612875,ayatollah Khamenei war speech
Q24,237,2020463779293634874,47,7.559847408374912,ayatollah Khamenei war speech
Q24,139,1935451943360479269,48,7.487488096818455,ayatollah Khamenei war speech
Q24,145,1936790276540178516,49,7.487488096818455,ayatollah Khamenei war speech
Q24,25,1816430397665759740,50,7.398132640791279,ayatollah Khamenei war speech
Q24,207,2012611071631069271,51,7.323095167595605,ayatollah Khamenei war speech
Q24,743,2041329353255227434,52,7.2273868630513896,ayatollah Khamenei war speech
Q24,156,1938512725446980059,53,6.827756930789352,ayatollah Khamenei war speech
Q24,964,2042343832587530364,54,6.19186175092052,ayatollah Khamenei war speech
Q24,370,2032091960664592554,55,5.985957616648943,ayatollah Khamenei war speech
Q24,835,2041690421710000443,56,5.9366830336101355,ayatollah Khamenei war speech
Q24,961,2042335225028686131,57,5.77793633857825,ayatollah Khamenei war speech
Q24,1236,2044799934067581288,58,5.627458301969292,ayatollah Khamenei war speech
Q24,2065,2048445927732699580,59,5.579733699212942,ayatollah Khamenei war speech
Q24,1023,2043061052804382872,60,5.55958661257923,ayatollah Khamenei war speech
Q24,1516,2046608182508712145,61,5.523255468715635,ayatollah Khamenei war speech
Q24,937,2042267020025074046,62,5.348851997065499,ayatollah Khamenei war speech
Q24,1691,2047013895638823000,63,5.283458142890275,ayatollah Khamenei war speech
Q24,825,2041653522727411981,64,5.0371270412780955,ayatollah Khamenei war speech
Q24,946,2042297432432615708,65,4.979091889068506,ayatollah Khamenei war speech
Q24,1811,2047405833114251485,66,4.9223788062118015,ayatollah Khamenei war speech
Q24,1227,2044738613666087392,67,4.6942595537278695,ayatollah Khamenei war speech
Q24,1062,2043276443149565998,68,4.620270631261578,ayatollah Khamenei war speech
Q24,242,2023739392066556120,69,4.558890599440866,ayatollah Khamenei war speech
Q24,907,2041978164705132714,70,4.558890599440866,ayatollah Khamenei war speech
Q24,718,2041199714939334938,71,4.5113002400689,ayatollah Khamenei war speech
Q24,834,2041690304802136352,72,4.5113002400689,ayatollah Khamenei war speech
Q24,945,2042297199455838407,73,4.485949533178282,ayatollah Khamenei war speech
Q24,680,2041016155075477512,74,4.464693209326926,ayatollah Khamenei war speech
Q24,1087,2043386242407227871,75,4.419039342037177,ayatollah Khamenei war speech
Q24,1646,2046950261860528362,76,4.419039342037177,ayatollah Khamenei war speech
Q24,1832,2047548339693002773,77,4.374309694353194,ayatollah Khamenei war speech
Q24,948,2042301247060132251,78,4.330476482567458,ayatollah Khamenei war speech
Q24,1775,2047361336674275792,79,4.330476482567458,ayatollah Khamenei war speech
Q24,981,2042532690545787327,80,4.245393690648877,ayatollah Khamenei war speech
Q24,1154,2044007763613802566,81,4.084878838472467,ayatollah Khamenei war speech
Q24,1004,2042873687771127856,82,4.012438726000662,ayatollah Khamenei war speech
Q24,76,1851722418638798923,83,3.9166262408449737,ayatollah Khamenei war speech
Q24,2237,2048867374380499007,84,3.9166262408449737,ayatollah Khamenei war speech
Q24,1568,2046682606838657098,85,3.8190552874147925,ayatollah Khamenei war speech
Q24,963,2042340463856976032,86,3.80420509069209,ayatollah Khamenei war speech
Q24,565,2039280096024908046,87,3.73471108560778,ayatollah Khamenei war speech
Q24,1769,2047342433017446444,88,3.635234062995523,ayatollah Khamenei war speech
Q24,72,1850575486625124672,89,3.597067165475866,ayatollah Khamenei war speech
Q24,953,2042317564689211563,90,3.5107686689668167,ayatollah Khamenei war speech
Q24,1532,2046639541792997576,91,3.4755369815227066,ayatollah Khamenei war speech
Q24,1534,2046641570234163460,92,3.4755369815227066,ayatollah Khamenei war speech
Q24,969,2042382862721429923,93,3.436831489527532,ayatollah Khamenei war speech
Q24,1001,2042841960411439367,94,3.410379305623984,ayatollah Khamenei war speech
Q24,77,1851879157862387912,95,3.3989785938582395,ayatollah Khamenei war speech
Q24,1780,2047371195926946227,96,3.255553324715117,ayatollah Khamenei war speech
Q24,1902,2047869557877174735,97,3.1882859446638094,ayatollah Khamenei war speech
Q24,306,2028968010401112477,98,3.127651564622805,ayatollah Khamenei war speech
Q24,1332,2045146938140426548,99,3.1237420943006833,ayatollah Khamenei war speech
Q25,1421,2045737997681734107,0,9.04865618637142,Iran US conflict escalation
Q25,748,2041372755078283307,1,8.498539202059671,Iran US conflict escalation
Q25,1440,2046034994016178678,2,8.465395210022358,Iran US conflict escalation
Q25,623,2040358932661903484,3,8.320439266052531,Iran US conflict escalation
Q25,1089,2043409883782107416,4,8.247824174943958,Iran US conflict escalation
Q25,1459,2046264921000902853,5,8.011477921023115,Iran US conflict escalation
Q25,1608,2046811939049767202,6,7.577218607296645,Iran US conflict escalation
Q25,1414,2045632787168821742,7,7.505197744521617,Iran US conflict escalation
Q25,1480,2046453889445105776,8,7.391370564763956,Iran US conflict escalation
Q25,2136,2048716794630926726,9,7.222832348125266,Iran US conflict escalation
Q25,369,2031905602104856771,10,6.962440055648408,Iran US conflict escalation
Q25,595,2039788666613031122,11,6.9541824622160515,Iran US conflict escalation
Q25,1800,2047396737334309208,12,6.836119726368641,Iran US conflict escalation
Q25,734,2041263876818321657,13,6.826161988160626,Iran US conflict escalation
Q25,1747,2047235976385396742,14,6.710977025226027,Iran US conflict escalation
Q25,859,2041841176714662328,15,6.672955635098673,Iran US conflict escalation
Q25,860,2041841181571608688,16,6.672955635098673,Iran US conflict escalation
Q25,706,2041149001895153823,17,6.6706212206723166,Iran US conflict escalation
Q25,1851,2047671254916927873,18,6.6381048154323326,Iran US conflict escalation
Q25,840,2041727383712264561,19,6.613248905020677,Iran US conflict escalation
Q25,988,2042637022435905760,20,6.594259936861718,Iran US conflict escalation
Q25,2327,2048874343758000414,21,6.594259936861718,Iran US conflict escalation
Q25,754,2041452516345548991,22,6.506937843231277,Iran US conflict escalation
Q25,628,2040399372613988805,23,6.48946637844499,Iran US conflict escalation
Q25,2141,2048726928686010549,24,6.442308685281506,Iran US conflict escalation
Q25,568,2039351946491089264,25,6.2270734034465605,Iran US conflict escalation
Q25,1444,2046145633191432575,26,6.2270734034465605,Iran US conflict escalation
Q25,1429,2045894021135122617,27,6.199820604207117,Iran US conflict escalation
Q25,651,2040705329155977225,28,6.196967686496484,Iran US conflict escalation
Q25,1504,2046580238910366083,29,6.196967686496484,Iran US conflict escalation
Q25,1748,2047240853366997494,30,6.193571950413606,Iran US conflict escalation
Q25,841,2041735336347496673,31,6.158489080769137,Iran US conflict escalation
Q25,1126,2043743518284492899,32,6.13454869359539,Iran US conflict escalation
Q25,1648,2046951078193664119,33,6.1342226333073855,Iran US conflict escalation
Q25,1758,2047277089104023733,34,6.0913990608386985,Iran US conflict escalation
Q25,688,2041072180264657242,35,6.076659108685094,Iran US conflict escalation
Q25,776,2041496128311714193,36,6.036767596919483,Iran US conflict escalation
Q25,1057,2043260208047366309,37,6.025755033546524,Iran US conflict escalation
Q25,775,2041495116242997587,38,6.019972376577489,Iran US conflict escalation
Q25,2114,2048654423228850291,39,5.9873289021654585,Iran US conflict escalation
Q25,583,2039638152877359261,40,5.961510749039143,Iran US conflict escalation
Q25,810,2041591403881324710,41,5.961510749039143,Iran US conflict escalation
Q25,875,2041903023115661594,42,5.837046065029659,Iran US conflict escalation
Q25,932,2042189401086964222,43,5.837046065029659,Iran US conflict escalation
Q25,1106,2043611007763751002,44,5.837046065029659,Iran US conflict escalation
Q25,1148,2043878449467555871,45,5.837046065029659,Iran US conflict escalation
Q25,1856,2047683382939627584,46,5.783163532224226,Iran US conflict escalation
Q25,1149,2043878733119987935,47,5.776742522609924,Iran US conflict escalation
Q25,1047,2043225498923192547,48,5.717672251903901,Iran US conflict escalation
Q25,853,2041829487281582417,49,5.659797803272664,Iran US conflict escalation
Q25,856,2041832794595176517,50,5.659797803272664,Iran US conflict escalation
Q25,722,2041218519178649652,51,5.603083228148833,Iran US conflict escalation
Q25,65,1849058189402357765,52,5.3869893758231875,Iran US conflict escalation
Q25,54,1843339738725433694,53,5.323114751050831,Iran US conflict escalation
Q25,808,2041583862732747089,54,5.322523118168356,Iran US conflict escalation
Q25,2017,2048231535334084745,55,5.266757791993752,Iran US conflict escalation
Q25,1253,2044875338719633566,56,5.2358207371591785,Iran US conflict escalation
Q25,2069,2048458328125419539,57,5.162763290633588,Iran US conflict escalation
Q25,1863,2047700843965689904,58,5.0714013897412205,Iran US conflict escalation
Q25,842,2041739315349483871,59,4.962387224898851,Iran US conflict escalation
Q25,32,1832320507984687179,60,4.923887326646986,Iran US conflict escalation
Q25,1766,2047336342787395803,61,4.916839006455348,Iran US conflict escalation
Q25,55,1843665749245866065,62,4.8882185471931665,Iran US conflict escalation
Q25,57,1843702204722753968,63,4.8882185471931665,Iran US conflict escalation
Q25,56,1843666764456206552,64,4.846588988297495,Iran US conflict escalation
Q25,1186,2044386854863011983,65,4.80697981630382,Iran US conflict escalation
Q25,2092,2048551450532286912,66,4.80315768587443,Iran US conflict escalation
Q25,142,1936484813613191303,67,4.755913210277139,Iran US conflict escalation
Q25,2130,2048695287938470074,68,4.6465735938588075,Iran US conflict escalation
Q25,2387,2048881254519525591,69,4.6271966376340785,Iran US conflict escalation
Q25,262,2027700084624814585,70,4.594725892817132,Iran US conflict escalation
Q25,44,1841926592878051440,71,4.546500743195949,Iran US conflict escalation
Q25,1041,2043166403793223973,72,4.480131768457436,Iran US conflict escalation
Q25,2087,2048528861781008663,73,4.46870100797974,Iran US conflict escalation
Q25,2037,2048338738879631440,74,4.415371665581613,Iran US conflict escalation
Q25,1695,2047016333129515011,75,4.361474541831522,Iran US conflict escalation
Q25,543,2038583346671014241,76,4.3546740513525695,Iran US conflict escalation
Q25,2115,2048654643081744797,77,4.31570721565223,Iran US conflict escalation
Q25,2057,2048407131825783067,78,4.31244254823131,Iran US conflict escalation
Q25,38,1841506887667163575,79,4.268917177383921,Iran US conflict escalation
Q25,1462,2046278402244837572,80,4.268917177383921,Iran US conflict escalation
Q25,1490,2046552203351970278,81,4.222400773759975,Iran US conflict escalation
Q25,2053,2048396043323355303,82,4.2142029828641485,Iran US conflict escalation
Q25,63,1848063417531449709,83,4.138071870676258,Iran US conflict escalation
Q25,487,2036688879537840252,84,4.126366758197596,Iran US conflict escalation
Q25,85,1863843754454454470,85,4.1012260168276065,Iran US conflict escalation
Q25,206,2012151160262582715,86,4.061839262969782,Iran US conflict escalation
Q25,1838,2047593991726616957,87,4.058130994624088,Iran US conflict escalation
Q25,244,2023929459003342954,88,4.005620118629553,Iran US conflict escalation
Q25,2151,2048767441421881708,89,3.9594694515184305,Iran US conflict escalation
Q25,990,2042660364891099527,90,3.9431999473371446,Iran US conflict escalation
Q25,2047,2048381297295241284,91,3.9431999473371446,Iran US conflict escalation
Q25,631,2040403610974978364,92,3.9387236705750674,Iran US conflict escalation
Q25,2134,2048710293568811134,93,3.914370119335877,Iran US conflict escalation
Q25,2277,2048870102984974413,94,3.914370119335877,Iran US conflict escalation
Q25,2102,2048600538158354671,95,3.9132385900251805,Iran US conflict escalation
Q25,1178,2044297122573328670,96,3.9013858443790577,Iran US conflict escalation
Q25,2045,2048375645139587535,97,3.8994259971280383,Iran US conflict escalation
Q25,144,1936665024212447271,98,3.898515818278409,Iran US conflict escalation
Q25,499,2037139379207233737,99,3.8609180438548263,Iran US conflict escalation
